2025-04-17T08:09:39.311Z - SUCCESS: Lead push scheduler started at 2025-04-17T08:09:39.309Z with schedule "*/1 * * * *" and URL: http://localhost:5001/api/PushLeads
2025-04-17T08:09:39.314Z - SUCCESS: Lead push scheduler started at 2025-04-17T08:09:39.313Z with schedule "*/1 * * * *" and URL: http://localhost:5001/api/getSheetData?spreadsheetId=1f3Rk4tCszNRsnnClRNI26UB8qPFtTUjAHD0sFglMJf4
2025-04-17T08:09:39.317Z - SUCCESS: Lead push scheduler started at 2025-04-17T08:09:39.317Z with schedule "*/1 * * * *" and URL: http://localhost:5001/api/getSheetData?spreadsheetId=1_J6mcwcZfxhUpjsOcQ2HORlynWa8IuBMA3uAHdSGbEY
2025-04-17T08:11:26.476Z - SUCCESS: Lead push scheduler started at 2025-04-17T08:11:26.474Z with schedule "*/1 * * * *" and URL: http://localhost:5001/api/PushLeads
2025-04-17T08:11:26.478Z - SUCCESS: Lead push scheduler started at 2025-04-17T08:11:26.476Z with schedule "*/1 * * * *" and URL: http://localhost:5001/api/getSheetData?spreadsheetId=1f3Rk4tCszNRsnnClRNI26UB8qPFtTUjAHD0sFglMJf4
2025-04-17T08:11:26.481Z - SUCCESS: Lead push scheduler started at 2025-04-17T08:11:26.481Z with schedule "*/1 * * * *" and URL: http://localhost:5001/api/getSheetData?spreadsheetId=1_J6mcwcZfxhUpjsOcQ2HORlynWa8IuBMA3uAHdSGbEY
2025-04-17T08:12:00.918Z - SUCCESS: Triggering webhook not started becaues of data is not exist in excel  2025-04-17T08:12:00.917Z with this URL: http://localhost:5001/api/PushLeads
2025-04-17T08:12:03.234Z - SUCCESS: Successfully ran scheduler at 2025-04-17T08:12:03.232Z with schedule "*/1 * * * *" and URL: http://localhost:5001/api/getSheetData?spreadsheetId=1f3Rk4tCszNRsnnClRNI26UB8qPFtTUjAHD0sFglMJf4
2025-04-17T08:12:03.236Z - SUCCESS: Successfully ran scheduler at 2025-04-17T08:12:03.235Z with this URL: http://localhost:5001/api/getSheetData?spreadsheetId=1f3Rk4tCszNRsnnClRNI26UB8qPFtTUjAHD0sFglMJf4
2025-04-17T08:12:03.358Z - SUCCESS: Successfully ran scheduler at 2025-04-17T08:12:03.357Z with schedule "*/1 * * * *" and URL: http://localhost:5001/api/getSheetData?spreadsheetId=1_J6mcwcZfxhUpjsOcQ2HORlynWa8IuBMA3uAHdSGbEY
2025-04-17T08:12:03.360Z - SUCCESS: Successfully ran scheduler at 2025-04-17T08:12:03.359Z with this URL: http://localhost:5001/api/getSheetData?spreadsheetId=1_J6mcwcZfxhUpjsOcQ2HORlynWa8IuBMA3uAHdSGbEY
2025-04-17T08:13:00.387Z - SUCCESS: Triggering webhook not started becaues of data is not exist in excel  2025-04-17T08:13:00.385Z with this URL: http://localhost:5001/api/PushLeads
2025-04-17T08:13:00.918Z - SUCCESS: Triggering webhook not started becaues of data is not exist in excel  2025-04-17T08:13:00.917Z with this URL: http://localhost:5001/api/getSheetData?spreadsheetId=1f3Rk4tCszNRsnnClRNI26UB8qPFtTUjAHD0sFglMJf4
2025-04-17T08:13:01.002Z - SUCCESS: Triggering webhook not started becaues of data is not exist in excel  2025-04-17T08:13:01.001Z with this URL: http://localhost:5001/api/getSheetData?spreadsheetId=1_J6mcwcZfxhUpjsOcQ2HORlynWa8IuBMA3uAHdSGbEY
2025-04-17T08:14:00.980Z - SUCCESS: Triggering webhook not started becaues of data is not exist in excel  2025-04-17T08:14:00.979Z with this URL: http://localhost:5001/api/PushLeads
2025-04-17T08:14:01.992Z - SUCCESS: Triggering webhook not started becaues of data is not exist in excel  2025-04-17T08:14:01.981Z with this URL: http://localhost:5001/api/getSheetData?spreadsheetId=1_J6mcwcZfxhUpjsOcQ2HORlynWa8IuBMA3uAHdSGbEY
2025-04-17T08:14:02.011Z - SUCCESS: Triggering webhook not started becaues of data is not exist in excel  2025-04-17T08:14:02.010Z with this URL: http://localhost:5001/api/getSheetData?spreadsheetId=1f3Rk4tCszNRsnnClRNI26UB8qPFtTUjAHD0sFglMJf4
2025-04-17T08:15:00.376Z - SUCCESS: Triggering webhook not started becaues of data is not exist in excel  2025-04-17T08:15:00.375Z with this URL: http://localhost:5001/api/PushLeads
2025-04-17T08:15:01.087Z - SUCCESS: Triggering webhook not started becaues of data is not exist in excel  2025-04-17T08:15:01.086Z with this URL: http://localhost:5001/api/getSheetData?spreadsheetId=1_J6mcwcZfxhUpjsOcQ2HORlynWa8IuBMA3uAHdSGbEY
2025-04-17T08:15:01.100Z - SUCCESS: Triggering webhook not started becaues of data is not exist in excel  2025-04-17T08:15:01.099Z with this URL: http://localhost:5001/api/getSheetData?spreadsheetId=1f3Rk4tCszNRsnnClRNI26UB8qPFtTUjAHD0sFglMJf4
2025-04-17T08:16:00.865Z - SUCCESS: Triggering webhook not started becaues of data is not exist in excel  2025-04-17T08:16:00.864Z with this URL: http://localhost:5001/api/PushLeads
2025-04-17T08:16:01.476Z - SUCCESS: Triggering webhook not started becaues of data is not exist in excel  2025-04-17T08:16:01.475Z with this URL: http://localhost:5001/api/getSheetData?spreadsheetId=1_J6mcwcZfxhUpjsOcQ2HORlynWa8IuBMA3uAHdSGbEY
2025-04-17T08:16:01.575Z - SUCCESS: Triggering webhook not started becaues of data is not exist in excel  2025-04-17T08:16:01.574Z with this URL: http://localhost:5001/api/getSheetData?spreadsheetId=1f3Rk4tCszNRsnnClRNI26UB8qPFtTUjAHD0sFglMJf4
2025-04-17T08:17:00.767Z - SUCCESS: Triggering webhook not started becaues of data is not exist in excel  2025-04-17T08:17:00.767Z with this URL: http://localhost:5001/api/PushLeads
2025-04-17T08:17:02.725Z - SUCCESS: Triggering webhook not started becaues of data is not exist in excel  2025-04-17T08:17:02.724Z with this URL: http://localhost:5001/api/getSheetData?spreadsheetId=1f3Rk4tCszNRsnnClRNI26UB8qPFtTUjAHD0sFglMJf4
2025-04-17T08:17:04.869Z - SUCCESS: Triggering webhook not started becaues of data is not exist in excel  2025-04-17T08:17:04.863Z with this URL: http://localhost:5001/api/getSheetData?spreadsheetId=1_J6mcwcZfxhUpjsOcQ2HORlynWa8IuBMA3uAHdSGbEY
2025-04-17T08:18:00.886Z - SUCCESS: Triggering webhook not started becaues of data is not exist in excel  2025-04-17T08:18:00.885Z with this URL: http://localhost:5001/api/PushLeads
2025-04-17T08:18:01.591Z - SUCCESS: Triggering webhook not started becaues of data is not exist in excel  2025-04-17T08:18:01.590Z with this URL: http://localhost:5001/api/getSheetData?spreadsheetId=1f3Rk4tCszNRsnnClRNI26UB8qPFtTUjAHD0sFglMJf4
2025-04-17T08:18:01.600Z - SUCCESS: Triggering webhook not started becaues of data is not exist in excel  2025-04-17T08:18:01.599Z with this URL: http://localhost:5001/api/getSheetData?spreadsheetId=1_J6mcwcZfxhUpjsOcQ2HORlynWa8IuBMA3uAHdSGbEY
2025-04-17T08:19:00.397Z - SUCCESS: Triggering webhook not started becaues of data is not exist in excel  2025-04-17T08:19:00.396Z with this URL: http://localhost:5001/api/PushLeads
2025-04-17T08:19:01.186Z - SUCCESS: Triggering webhook not started becaues of data is not exist in excel  2025-04-17T08:19:01.185Z with this URL: http://localhost:5001/api/getSheetData?spreadsheetId=1_J6mcwcZfxhUpjsOcQ2HORlynWa8IuBMA3uAHdSGbEY
2025-04-17T08:19:01.925Z - SUCCESS: Triggering webhook not started becaues of data is not exist in excel  2025-04-17T08:19:01.923Z with this URL: http://localhost:5001/api/getSheetData?spreadsheetId=1f3Rk4tCszNRsnnClRNI26UB8qPFtTUjAHD0sFglMJf4
2025-04-17T08:20:00.798Z - SUCCESS: Triggering webhook not started becaues of data is not exist in excel  2025-04-17T08:20:00.797Z with this URL: http://localhost:5001/api/PushLeads
2025-04-17T08:20:01.504Z - SUCCESS: Triggering webhook not started becaues of data is not exist in excel  2025-04-17T08:20:01.503Z with this URL: http://localhost:5001/api/getSheetData?spreadsheetId=1_J6mcwcZfxhUpjsOcQ2HORlynWa8IuBMA3uAHdSGbEY
2025-04-17T08:20:01.515Z - SUCCESS: Triggering webhook not started becaues of data is not exist in excel  2025-04-17T08:20:01.513Z with this URL: http://localhost:5001/api/getSheetData?spreadsheetId=1f3Rk4tCszNRsnnClRNI26UB8qPFtTUjAHD0sFglMJf4
2025-04-17T08:21:00.251Z - SUCCESS: Triggering webhook not started becaues of data is not exist in excel  2025-04-17T08:21:00.251Z with this URL: http://localhost:5001/api/PushLeads
2025-04-17T08:21:00.948Z - SUCCESS: Triggering webhook not started becaues of data is not exist in excel  2025-04-17T08:21:00.946Z with this URL: http://localhost:5001/api/getSheetData?spreadsheetId=1_J6mcwcZfxhUpjsOcQ2HORlynWa8IuBMA3uAHdSGbEY
2025-04-17T08:21:00.961Z - SUCCESS: Triggering webhook not started becaues of data is not exist in excel  2025-04-17T08:21:00.958Z with this URL: http://localhost:5001/api/getSheetData?spreadsheetId=1f3Rk4tCszNRsnnClRNI26UB8qPFtTUjAHD0sFglMJf4
2025-04-17T08:22:00.761Z - SUCCESS: Triggering webhook not started becaues of data is not exist in excel  2025-04-17T08:22:00.760Z with this URL: http://localhost:5001/api/PushLeads
2025-04-17T08:22:01.379Z - SUCCESS: Triggering webhook not started becaues of data is not exist in excel  2025-04-17T08:22:01.378Z with this URL: http://localhost:5001/api/getSheetData?spreadsheetId=1_J6mcwcZfxhUpjsOcQ2HORlynWa8IuBMA3uAHdSGbEY
2025-04-17T08:22:01.466Z - SUCCESS: Triggering webhook not started becaues of data is not exist in excel  2025-04-17T08:22:01.463Z with this URL: http://localhost:5001/api/getSheetData?spreadsheetId=1f3Rk4tCszNRsnnClRNI26UB8qPFtTUjAHD0sFglMJf4
2025-04-17T08:23:00.167Z - SUCCESS: Triggering webhook not started becaues of data is not exist in excel  2025-04-17T08:23:00.166Z with this URL: http://localhost:5001/api/PushLeads
2025-04-17T08:23:01.060Z - SUCCESS: Triggering webhook not started becaues of data is not exist in excel  2025-04-17T08:23:01.057Z with this URL: http://localhost:5001/api/getSheetData?spreadsheetId=1_J6mcwcZfxhUpjsOcQ2HORlynWa8IuBMA3uAHdSGbEY
2025-04-17T08:23:01.161Z - SUCCESS: Triggering webhook not started becaues of data is not exist in excel  2025-04-17T08:23:01.160Z with this URL: http://localhost:5001/api/getSheetData?spreadsheetId=1f3Rk4tCszNRsnnClRNI26UB8qPFtTUjAHD0sFglMJf4
2025-04-17T08:24:00.687Z - SUCCESS: Triggering webhook not started becaues of data is not exist in excel  2025-04-17T08:24:00.686Z with this URL: http://localhost:5001/api/PushLeads
2025-04-17T08:24:01.272Z - SUCCESS: Triggering webhook not started becaues of data is not exist in excel  2025-04-17T08:24:01.271Z with this URL: http://localhost:5001/api/getSheetData?spreadsheetId=1f3Rk4tCszNRsnnClRNI26UB8qPFtTUjAHD0sFglMJf4
2025-04-17T08:24:01.499Z - SUCCESS: Triggering webhook not started becaues of data is not exist in excel  2025-04-17T08:24:01.476Z with this URL: http://localhost:5001/api/getSheetData?spreadsheetId=1_J6mcwcZfxhUpjsOcQ2HORlynWa8IuBMA3uAHdSGbEY
2025-04-17T08:25:00.998Z - SUCCESS: Triggering webhook not started becaues of data is not exist in excel  2025-04-17T08:25:00.998Z with this URL: http://localhost:5001/api/PushLeads
2025-04-17T08:25:01.583Z - SUCCESS: Triggering webhook not started becaues of data is not exist in excel  2025-04-17T08:25:01.583Z with this URL: http://localhost:5001/api/getSheetData?spreadsheetId=1f3Rk4tCszNRsnnClRNI26UB8qPFtTUjAHD0sFglMJf4
2025-04-17T08:25:01.707Z - SUCCESS: Triggering webhook not started becaues of data is not exist in excel  2025-04-17T08:25:01.706Z with this URL: http://localhost:5001/api/getSheetData?spreadsheetId=1_J6mcwcZfxhUpjsOcQ2HORlynWa8IuBMA3uAHdSGbEY
2025-04-17T08:30:11.546Z - SUCCESS: Lead push scheduler started at 2025-04-17T08:30:11.544Z with schedule "*/1 * * * *" and URL: http://localhost:5001/api/PushLeads
2025-04-17T08:30:11.548Z - SUCCESS: Lead push scheduler started at 2025-04-17T08:30:11.547Z with schedule "*/1 * * * *" and URL: http://localhost:5001/api/getSheetData?spreadsheetId=1f3Rk4tCszNRsnnClRNI26UB8qPFtTUjAHD0sFglMJf4
2025-04-17T08:30:11.551Z - SUCCESS: Lead push scheduler started at 2025-04-17T08:30:11.550Z with schedule "*/1 * * * *" and URL: http://localhost:5001/api/getSheetData?spreadsheetId=1_J6mcwcZfxhUpjsOcQ2HORlynWa8IuBMA3uAHdSGbEY
2025-04-17T08:31:54.621Z - SUCCESS: Lead push scheduler started at 2025-04-17T08:31:54.619Z with schedule "*/1 * * * *" and URL: http://localhost:5001/api/PushLeads
2025-04-17T08:31:54.622Z - SUCCESS: Lead push scheduler started at 2025-04-17T08:31:54.622Z with schedule "*/1 * * * *" and URL: http://localhost:5001/api/getSheetData?spreadsheetId=1f3Rk4tCszNRsnnClRNI26UB8qPFtTUjAHD0sFglMJf4
2025-04-17T08:31:54.625Z - SUCCESS: Lead push scheduler started at 2025-04-17T08:31:54.624Z with schedule "*/1 * * * *" and URL: http://localhost:5001/api/getSheetData?spreadsheetId=1_J6mcwcZfxhUpjsOcQ2HORlynWa8IuBMA3uAHdSGbEY
2025-04-17T08:32:01.027Z - SUCCESS: Successfully ran scheduler at 2025-04-17T08:32:01.027Z with schedule "*/1 * * * *" and URL: http://localhost:5001/api/PushLeads
2025-04-17T08:32:01.029Z - SUCCESS: Successfully ran scheduler at 2025-04-17T08:32:01.028Z with this URL: http://localhost:5001/api/PushLeads
2025-04-17T08:32:02.040Z - SUCCESS: Triggering webhook not started becaues of data is not exist in excel  2025-04-17T08:32:02.039Z with this URL: http://localhost:5001/api/getSheetData?spreadsheetId=1f3Rk4tCszNRsnnClRNI26UB8qPFtTUjAHD0sFglMJf4
2025-04-17T08:32:02.130Z - SUCCESS: Triggering webhook not started becaues of data is not exist in excel  2025-04-17T08:32:02.130Z with this URL: http://localhost:5001/api/getSheetData?spreadsheetId=1_J6mcwcZfxhUpjsOcQ2HORlynWa8IuBMA3uAHdSGbEY
2025-04-17T08:45:56.244Z - SUCCESS: Lead push scheduler started at 2025-04-17T08:45:56.242Z with schedule "*/1 * * * *" and URL: http://localhost:5001/api/PushLeads
2025-04-17T08:45:56.245Z - SUCCESS: Lead push scheduler started at 2025-04-17T08:45:56.245Z with schedule "*/1 * * * *" and URL: http://localhost:5001/api/getSheetData?spreadsheetId=1f3Rk4tCszNRsnnClRNI26UB8qPFtTUjAHD0sFglMJf4
2025-04-17T08:45:56.248Z - SUCCESS: Lead push scheduler started at 2025-04-17T08:45:56.247Z with schedule "*/1 * * * *" and URL: http://localhost:5001/api/getSheetData?spreadsheetId=1_J6mcwcZfxhUpjsOcQ2HORlynWa8IuBMA3uAHdSGbEY
2025-04-17T08:46:00.438Z - SUCCESS: Successfully ran scheduler at 2025-04-17T08:46:00.438Z with schedule "*/1 * * * *" and URL: http://localhost:5001/api/PushLeads
2025-04-17T08:46:00.442Z - SUCCESS: Successfully ran scheduler at 2025-04-17T08:46:00.440Z with this URL: http://localhost:5001/api/PushLeads
2025-04-17T08:46:02.519Z - SUCCESS: Successfully ran scheduler at 2025-04-17T08:46:02.519Z with schedule "*/1 * * * *" and URL: http://localhost:5001/api/getSheetData?spreadsheetId=1f3Rk4tCszNRsnnClRNI26UB8qPFtTUjAHD0sFglMJf4
2025-04-17T08:46:02.521Z - SUCCESS: Successfully ran scheduler at 2025-04-17T08:46:02.520Z with this URL: http://localhost:5001/api/getSheetData?spreadsheetId=1f3Rk4tCszNRsnnClRNI26UB8qPFtTUjAHD0sFglMJf4
2025-04-17T08:46:02.523Z - SUCCESS: Successfully ran scheduler at 2025-04-17T08:46:02.523Z with schedule "*/1 * * * *" and URL: http://localhost:5001/api/getSheetData?spreadsheetId=1_J6mcwcZfxhUpjsOcQ2HORlynWa8IuBMA3uAHdSGbEY
2025-04-17T08:46:02.526Z - SUCCESS: Successfully ran scheduler at 2025-04-17T08:46:02.524Z with this URL: http://localhost:5001/api/getSheetData?spreadsheetId=1_J6mcwcZfxhUpjsOcQ2HORlynWa8IuBMA3uAHdSGbEY
2025-04-17T08:47:00.892Z - SUCCESS: Successfully ran scheduler at 2025-04-17T08:47:00.892Z with schedule "*/1 * * * *" and URL: http://localhost:5001/api/PushLeads
2025-04-17T08:47:00.895Z - SUCCESS: Successfully ran scheduler at 2025-04-17T08:47:00.893Z with this URL: http://localhost:5001/api/PushLeads
2025-04-17T08:47:01.443Z - SUCCESS: Triggering webhook not started becaues of data is not exist in excel  2025-04-17T08:47:01.441Z with this URL: http://localhost:5001/api/getSheetData?spreadsheetId=1_J6mcwcZfxhUpjsOcQ2HORlynWa8IuBMA3uAHdSGbEY
2025-04-17T08:47:01.462Z - SUCCESS: Triggering webhook not started becaues of data is not exist in excel  2025-04-17T08:47:01.454Z with this URL: http://localhost:5001/api/getSheetData?spreadsheetId=1f3Rk4tCszNRsnnClRNI26UB8qPFtTUjAHD0sFglMJf4
2025-04-17T08:48:34.409Z - SUCCESS: Lead push scheduler started at 2025-04-17T08:48:34.407Z with schedule "*/1 * * * *" and URL: http://localhost:5001/api/PushLeads
2025-04-17T08:48:34.411Z - SUCCESS: Lead push scheduler started at 2025-04-17T08:48:34.410Z with schedule "*/1 * * * *" and URL: http://localhost:5001/api/getSheetData?spreadsheetId=1f3Rk4tCszNRsnnClRNI26UB8qPFtTUjAHD0sFglMJf4
2025-04-17T08:48:34.413Z - SUCCESS: Lead push scheduler started at 2025-04-17T08:48:34.413Z with schedule "*/1 * * * *" and URL: http://localhost:5001/api/getSheetData?spreadsheetId=1_J6mcwcZfxhUpjsOcQ2HORlynWa8IuBMA3uAHdSGbEY
2025-04-17T08:49:00.770Z - SUCCESS: Successfully ran scheduler at 2025-04-17T08:49:00.770Z with schedule "*/1 * * * *" and URL: http://localhost:5001/api/PushLeads
2025-04-17T08:49:00.771Z - SUCCESS: Successfully ran scheduler at 2025-04-17T08:49:00.771Z with this URL: http://localhost:5001/api/PushLeads
2025-04-17T08:49:02.232Z - SUCCESS: Successfully ran scheduler at 2025-04-17T08:49:02.230Z with schedule "*/1 * * * *" and URL: http://localhost:5001/api/getSheetData?spreadsheetId=1f3Rk4tCszNRsnnClRNI26UB8qPFtTUjAHD0sFglMJf4
2025-04-17T08:49:02.234Z - SUCCESS: Successfully ran scheduler at 2025-04-17T08:49:02.232Z with this URL: http://localhost:5001/api/getSheetData?spreadsheetId=1f3Rk4tCszNRsnnClRNI26UB8qPFtTUjAHD0sFglMJf4
2025-04-17T08:49:02.262Z - SUCCESS: Successfully ran scheduler at 2025-04-17T08:49:02.262Z with schedule "*/1 * * * *" and URL: http://localhost:5001/api/getSheetData?spreadsheetId=1_J6mcwcZfxhUpjsOcQ2HORlynWa8IuBMA3uAHdSGbEY
2025-04-17T08:49:02.263Z - SUCCESS: Successfully ran scheduler at 2025-04-17T08:49:02.263Z with this URL: http://localhost:5001/api/getSheetData?spreadsheetId=1_J6mcwcZfxhUpjsOcQ2HORlynWa8IuBMA3uAHdSGbEY
2025-04-17T08:50:00.396Z - SUCCESS: Successfully ran scheduler at 2025-04-17T08:50:00.396Z with schedule "*/1 * * * *" and URL: http://localhost:5001/api/PushLeads
2025-04-17T08:50:00.398Z - SUCCESS: Successfully ran scheduler at 2025-04-17T08:50:00.397Z with this URL: http://localhost:5001/api/PushLeads
2025-04-17T08:50:00.817Z - SUCCESS: Triggering webhook not started becaues of data is not exist in excel  2025-04-17T08:50:00.816Z with this URL: http://localhost:5001/api/getSheetData?spreadsheetId=1f3Rk4tCszNRsnnClRNI26UB8qPFtTUjAHD0sFglMJf4
2025-04-17T08:50:00.821Z - SUCCESS: Triggering webhook not started becaues of data is not exist in excel  2025-04-17T08:50:00.821Z with this URL: http://localhost:5001/api/getSheetData?spreadsheetId=1_J6mcwcZfxhUpjsOcQ2HORlynWa8IuBMA3uAHdSGbEY
2025-04-17T08:51:01.111Z - SUCCESS: Lead push scheduler started at 2025-04-17T08:51:01.109Z with schedule "*/1 * * * *" and URL: http://localhost:5001/api/PushLeads
2025-04-17T08:51:01.112Z - SUCCESS: Lead push scheduler started at 2025-04-17T08:51:01.112Z with schedule "*/1 * * * *" and URL: http://localhost:5001/api/getSheetData?spreadsheetId=1f3Rk4tCszNRsnnClRNI26UB8qPFtTUjAHD0sFglMJf4
2025-04-17T08:51:01.115Z - SUCCESS: Lead push scheduler started at 2025-04-17T08:51:01.114Z with schedule "*/1 * * * *" and URL: http://localhost:5001/api/getSheetData?spreadsheetId=1_J6mcwcZfxhUpjsOcQ2HORlynWa8IuBMA3uAHdSGbEY
2025-04-17T08:52:00.839Z - SUCCESS: Successfully ran scheduler at 2025-04-17T08:52:00.839Z with schedule "*/1 * * * *" and URL: http://localhost:5001/api/PushLeads
2025-04-17T08:52:00.840Z - SUCCESS: Successfully ran scheduler at 2025-04-17T08:52:00.840Z with this URL: http://localhost:5001/api/PushLeads
2025-04-17T08:52:01.861Z - SUCCESS: Triggering webhook not started becaues of data is not exist in excel  2025-04-17T08:52:01.861Z with this URL: http://localhost:5001/api/getSheetData?spreadsheetId=1f3Rk4tCszNRsnnClRNI26UB8qPFtTUjAHD0sFglMJf4
2025-04-17T08:52:01.867Z - SUCCESS: Triggering webhook not started becaues of data is not exist in excel  2025-04-17T08:52:01.865Z with this URL: http://localhost:5001/api/getSheetData?spreadsheetId=1_J6mcwcZfxhUpjsOcQ2HORlynWa8IuBMA3uAHdSGbEY
2025-04-17T08:53:00.150Z - SUCCESS: Successfully ran scheduler at 2025-04-17T08:53:00.150Z with schedule "*/1 * * * *" and URL: http://localhost:5001/api/PushLeads
2025-04-17T08:53:00.152Z - SUCCESS: Successfully ran scheduler at 2025-04-17T08:53:00.151Z with this URL: http://localhost:5001/api/PushLeads
2025-04-17T08:53:00.863Z - SUCCESS: Triggering webhook not started becaues of data is not exist in excel  2025-04-17T08:53:00.862Z with this URL: http://localhost:5001/api/getSheetData?spreadsheetId=1_J6mcwcZfxhUpjsOcQ2HORlynWa8IuBMA3uAHdSGbEY
2025-04-17T08:53:00.878Z - SUCCESS: Triggering webhook not started becaues of data is not exist in excel  2025-04-17T08:53:00.877Z with this URL: http://localhost:5001/api/getSheetData?spreadsheetId=1f3Rk4tCszNRsnnClRNI26UB8qPFtTUjAHD0sFglMJf4
2025-04-17T08:54:00.577Z - SUCCESS: Successfully ran scheduler at 2025-04-17T08:54:00.577Z with schedule "*/1 * * * *" and URL: http://localhost:5001/api/PushLeads
2025-04-17T08:54:00.578Z - SUCCESS: Successfully ran scheduler at 2025-04-17T08:54:00.578Z with this URL: http://localhost:5001/api/PushLeads
2025-04-17T08:54:01.273Z - SUCCESS: Triggering webhook not started becaues of data is not exist in excel  2025-04-17T08:54:01.272Z with this URL: http://localhost:5001/api/getSheetData?spreadsheetId=1_J6mcwcZfxhUpjsOcQ2HORlynWa8IuBMA3uAHdSGbEY
2025-04-17T08:54:01.283Z - SUCCESS: Triggering webhook not started becaues of data is not exist in excel  2025-04-17T08:54:01.282Z with this URL: http://localhost:5001/api/getSheetData?spreadsheetId=1f3Rk4tCszNRsnnClRNI26UB8qPFtTUjAHD0sFglMJf4
2025-04-17T08:55:00.899Z - SUCCESS: Successfully ran scheduler at 2025-04-17T08:55:00.895Z with schedule "*/1 * * * *" and URL: http://localhost:5001/api/PushLeads
2025-04-17T08:55:00.901Z - SUCCESS: Successfully ran scheduler at 2025-04-17T08:55:00.900Z with this URL: http://localhost:5001/api/PushLeads
2025-04-17T08:55:01.514Z - SUCCESS: Triggering webhook not started becaues of data is not exist in excel  2025-04-17T08:55:01.513Z with this URL: http://localhost:5001/api/getSheetData?spreadsheetId=1_J6mcwcZfxhUpjsOcQ2HORlynWa8IuBMA3uAHdSGbEY
2025-04-17T08:55:01.688Z - SUCCESS: Triggering webhook not started becaues of data is not exist in excel  2025-04-17T08:55:01.687Z with this URL: http://localhost:5001/api/getSheetData?spreadsheetId=1f3Rk4tCszNRsnnClRNI26UB8qPFtTUjAHD0sFglMJf4
2025-04-17T08:56:00.361Z - SUCCESS: Successfully ran scheduler at 2025-04-17T08:56:00.360Z with schedule "*/1 * * * *" and URL: http://localhost:5001/api/PushLeads
2025-04-17T08:56:00.364Z - SUCCESS: Successfully ran scheduler at 2025-04-17T08:56:00.362Z with this URL: http://localhost:5001/api/PushLeads
2025-04-17T08:56:00.891Z - SUCCESS: Triggering webhook not started becaues of data is not exist in excel  2025-04-17T08:56:00.889Z with this URL: http://localhost:5001/api/getSheetData?spreadsheetId=1_J6mcwcZfxhUpjsOcQ2HORlynWa8IuBMA3uAHdSGbEY
2025-04-17T08:56:00.976Z - SUCCESS: Triggering webhook not started becaues of data is not exist in excel  2025-04-17T08:56:00.975Z with this URL: http://localhost:5001/api/getSheetData?spreadsheetId=1f3Rk4tCszNRsnnClRNI26UB8qPFtTUjAHD0sFglMJf4
2025-04-17T08:57:00.784Z - SUCCESS: Successfully ran scheduler at 2025-04-17T08:57:00.784Z with schedule "*/1 * * * *" and URL: http://localhost:5001/api/PushLeads
2025-04-17T08:57:00.786Z - SUCCESS: Successfully ran scheduler at 2025-04-17T08:57:00.785Z with this URL: http://localhost:5001/api/PushLeads
2025-04-17T08:57:01.402Z - SUCCESS: Triggering webhook not started becaues of data is not exist in excel  2025-04-17T08:57:01.401Z with this URL: http://localhost:5001/api/getSheetData?spreadsheetId=1f3Rk4tCszNRsnnClRNI26UB8qPFtTUjAHD0sFglMJf4
2025-04-17T08:57:01.410Z - SUCCESS: Triggering webhook not started becaues of data is not exist in excel  2025-04-17T08:57:01.409Z with this URL: http://localhost:5001/api/getSheetData?spreadsheetId=1_J6mcwcZfxhUpjsOcQ2HORlynWa8IuBMA3uAHdSGbEY
2025-04-17T08:58:00.211Z - SUCCESS: Successfully ran scheduler at 2025-04-17T08:58:00.210Z with schedule "*/1 * * * *" and URL: http://localhost:5001/api/PushLeads
2025-04-17T08:58:00.216Z - SUCCESS: Successfully ran scheduler at 2025-04-17T08:58:00.212Z with this URL: http://localhost:5001/api/PushLeads
2025-04-17T08:58:01.307Z - SUCCESS: Triggering webhook not started becaues of data is not exist in excel  2025-04-17T08:58:01.306Z with this URL: http://localhost:5001/api/getSheetData?spreadsheetId=1_J6mcwcZfxhUpjsOcQ2HORlynWa8IuBMA3uAHdSGbEY
2025-04-17T08:58:01.316Z - SUCCESS: Triggering webhook not started becaues of data is not exist in excel  2025-04-17T08:58:01.316Z with this URL: http://localhost:5001/api/getSheetData?spreadsheetId=1f3Rk4tCszNRsnnClRNI26UB8qPFtTUjAHD0sFglMJf4
2025-04-17T08:59:00.705Z - SUCCESS: Successfully ran scheduler at 2025-04-17T08:59:00.704Z with schedule "*/1 * * * *" and URL: http://localhost:5001/api/PushLeads
2025-04-17T08:59:00.708Z - SUCCESS: Successfully ran scheduler at 2025-04-17T08:59:00.706Z with this URL: http://localhost:5001/api/PushLeads
2025-04-17T08:59:01.315Z - SUCCESS: Triggering webhook not started becaues of data is not exist in excel  2025-04-17T08:59:01.314Z with this URL: http://localhost:5001/api/getSheetData?spreadsheetId=1f3Rk4tCszNRsnnClRNI26UB8qPFtTUjAHD0sFglMJf4
2025-04-17T08:59:01.416Z - SUCCESS: Triggering webhook not started becaues of data is not exist in excel  2025-04-17T08:59:01.415Z with this URL: http://localhost:5001/api/getSheetData?spreadsheetId=1_J6mcwcZfxhUpjsOcQ2HORlynWa8IuBMA3uAHdSGbEY
2025-04-17T09:00:00.199Z - SUCCESS: Successfully ran scheduler at 2025-04-17T09:00:00.199Z with schedule "*/1 * * * *" and URL: http://localhost:5001/api/PushLeads
2025-04-17T09:00:00.202Z - SUCCESS: Successfully ran scheduler at 2025-04-17T09:00:00.200Z with this URL: http://localhost:5001/api/PushLeads
2025-04-17T09:00:00.741Z - SUCCESS: Triggering webhook not started becaues of data is not exist in excel  2025-04-17T09:00:00.741Z with this URL: http://localhost:5001/api/getSheetData?spreadsheetId=1f3Rk4tCszNRsnnClRNI26UB8qPFtTUjAHD0sFglMJf4
2025-04-17T09:00:00.914Z - SUCCESS: Triggering webhook not started becaues of data is not exist in excel  2025-04-17T09:00:00.913Z with this URL: http://localhost:5001/api/getSheetData?spreadsheetId=1_J6mcwcZfxhUpjsOcQ2HORlynWa8IuBMA3uAHdSGbEY
2025-04-17T09:01:00.544Z - SUCCESS: Successfully ran scheduler at 2025-04-17T09:01:00.543Z with schedule "*/1 * * * *" and URL: http://localhost:5001/api/PushLeads
2025-04-17T09:01:00.547Z - SUCCESS: Successfully ran scheduler at 2025-04-17T09:01:00.545Z with this URL: http://localhost:5001/api/PushLeads
2025-04-17T09:01:01.149Z - SUCCESS: Triggering webhook not started becaues of data is not exist in excel  2025-04-17T09:01:01.149Z with this URL: http://localhost:5001/api/getSheetData?spreadsheetId=1_J6mcwcZfxhUpjsOcQ2HORlynWa8IuBMA3uAHdSGbEY
2025-04-17T09:01:01.259Z - SUCCESS: Triggering webhook not started becaues of data is not exist in excel  2025-04-17T09:01:01.251Z with this URL: http://localhost:5001/api/getSheetData?spreadsheetId=1f3Rk4tCszNRsnnClRNI26UB8qPFtTUjAHD0sFglMJf4
2025-04-17T09:02:01.032Z - SUCCESS: Successfully ran scheduler at 2025-04-17T09:02:01.031Z with schedule "*/1 * * * *" and URL: http://localhost:5001/api/PushLeads
2025-04-17T09:02:01.035Z - SUCCESS: Successfully ran scheduler at 2025-04-17T09:02:01.033Z with this URL: http://localhost:5001/api/PushLeads
2025-04-17T09:02:01.648Z - SUCCESS: Triggering webhook not started becaues of data is not exist in excel  2025-04-17T09:02:01.647Z with this URL: http://localhost:5001/api/getSheetData?spreadsheetId=1_J6mcwcZfxhUpjsOcQ2HORlynWa8IuBMA3uAHdSGbEY
2025-04-17T09:02:01.672Z - SUCCESS: Triggering webhook not started becaues of data is not exist in excel  2025-04-17T09:02:01.671Z with this URL: http://localhost:5001/api/getSheetData?spreadsheetId=1f3Rk4tCszNRsnnClRNI26UB8qPFtTUjAHD0sFglMJf4
2025-04-17T09:03:00.436Z - SUCCESS: Successfully ran scheduler at 2025-04-17T09:03:00.435Z with schedule "*/1 * * * *" and URL: http://localhost:5001/api/PushLeads
2025-04-17T09:03:00.438Z - SUCCESS: Successfully ran scheduler at 2025-04-17T09:03:00.437Z with this URL: http://localhost:5001/api/PushLeads
2025-04-17T09:03:01.076Z - SUCCESS: Triggering webhook not started becaues of data is not exist in excel  2025-04-17T09:03:01.075Z with this URL: http://localhost:5001/api/getSheetData?spreadsheetId=1_J6mcwcZfxhUpjsOcQ2HORlynWa8IuBMA3uAHdSGbEY
2025-04-17T09:03:01.145Z - SUCCESS: Triggering webhook not started becaues of data is not exist in excel  2025-04-17T09:03:01.144Z with this URL: http://localhost:5001/api/getSheetData?spreadsheetId=1f3Rk4tCszNRsnnClRNI26UB8qPFtTUjAHD0sFglMJf4
2025-04-17T09:04:00.851Z - SUCCESS: Successfully ran scheduler at 2025-04-17T09:04:00.848Z with schedule "*/1 * * * *" and URL: http://localhost:5001/api/PushLeads
2025-04-17T09:04:00.854Z - SUCCESS: Successfully ran scheduler at 2025-04-17T09:04:00.853Z with this URL: http://localhost:5001/api/PushLeads
2025-04-17T09:04:01.494Z - SUCCESS: Triggering webhook not started becaues of data is not exist in excel  2025-04-17T09:04:01.493Z with this URL: http://localhost:5001/api/getSheetData?spreadsheetId=1f3Rk4tCszNRsnnClRNI26UB8qPFtTUjAHD0sFglMJf4
2025-04-17T09:04:01.564Z - SUCCESS: Triggering webhook not started becaues of data is not exist in excel  2025-04-17T09:04:01.563Z with this URL: http://localhost:5001/api/getSheetData?spreadsheetId=1_J6mcwcZfxhUpjsOcQ2HORlynWa8IuBMA3uAHdSGbEY
2025-04-17T09:05:00.173Z - SUCCESS: Successfully ran scheduler at 2025-04-17T09:05:00.172Z with schedule "*/1 * * * *" and URL: http://localhost:5001/api/PushLeads
2025-04-17T09:05:00.174Z - SUCCESS: Successfully ran scheduler at 2025-04-17T09:05:00.173Z with this URL: http://localhost:5001/api/PushLeads
2025-04-17T09:05:00.857Z - SUCCESS: Triggering webhook not started becaues of data is not exist in excel  2025-04-17T09:05:00.856Z with this URL: http://localhost:5001/api/getSheetData?spreadsheetId=1f3Rk4tCszNRsnnClRNI26UB8qPFtTUjAHD0sFglMJf4
2025-04-17T09:05:00.959Z - SUCCESS: Triggering webhook not started becaues of data is not exist in excel  2025-04-17T09:05:00.958Z with this URL: http://localhost:5001/api/getSheetData?spreadsheetId=1_J6mcwcZfxhUpjsOcQ2HORlynWa8IuBMA3uAHdSGbEY
2025-04-17T09:06:00.680Z - SUCCESS: Successfully ran scheduler at 2025-04-17T09:06:00.679Z with schedule "*/1 * * * *" and URL: http://localhost:5001/api/PushLeads
2025-04-17T09:06:00.682Z - SUCCESS: Successfully ran scheduler at 2025-04-17T09:06:00.680Z with this URL: http://localhost:5001/api/PushLeads
2025-04-17T09:06:01.376Z - SUCCESS: Triggering webhook not started becaues of data is not exist in excel  2025-04-17T09:06:01.375Z with this URL: http://localhost:5001/api/getSheetData?spreadsheetId=1f3Rk4tCszNRsnnClRNI26UB8qPFtTUjAHD0sFglMJf4
2025-04-17T09:06:01.385Z - SUCCESS: Triggering webhook not started becaues of data is not exist in excel  2025-04-17T09:06:01.384Z with this URL: http://localhost:5001/api/getSheetData?spreadsheetId=1_J6mcwcZfxhUpjsOcQ2HORlynWa8IuBMA3uAHdSGbEY
2025-04-17T09:07:01.010Z - SUCCESS: Successfully ran scheduler at 2025-04-17T09:07:01.009Z with schedule "*/1 * * * *" and URL: http://localhost:5001/api/PushLeads
2025-04-17T09:07:01.012Z - SUCCESS: Successfully ran scheduler at 2025-04-17T09:07:01.011Z with this URL: http://localhost:5001/api/PushLeads
2025-04-17T09:07:01.694Z - SUCCESS: Triggering webhook not started becaues of data is not exist in excel  2025-04-17T09:07:01.692Z with this URL: http://localhost:5001/api/getSheetData?spreadsheetId=1_J6mcwcZfxhUpjsOcQ2HORlynWa8IuBMA3uAHdSGbEY
2025-04-17T09:07:01.796Z - SUCCESS: Triggering webhook not started becaues of data is not exist in excel  2025-04-17T09:07:01.795Z with this URL: http://localhost:5001/api/getSheetData?spreadsheetId=1f3Rk4tCszNRsnnClRNI26UB8qPFtTUjAHD0sFglMJf4
2025-04-17T09:08:00.435Z - SUCCESS: Successfully ran scheduler at 2025-04-17T09:08:00.434Z with schedule "*/1 * * * *" and URL: http://localhost:5001/api/PushLeads
2025-04-17T09:08:00.436Z - SUCCESS: Successfully ran scheduler at 2025-04-17T09:08:00.435Z with this URL: http://localhost:5001/api/PushLeads
2025-04-17T09:08:01.088Z - SUCCESS: Triggering webhook not started becaues of data is not exist in excel  2025-04-17T09:08:01.086Z with this URL: http://localhost:5001/api/getSheetData?spreadsheetId=1_J6mcwcZfxhUpjsOcQ2HORlynWa8IuBMA3uAHdSGbEY
2025-04-17T09:08:01.096Z - SUCCESS: Triggering webhook not started becaues of data is not exist in excel  2025-04-17T09:08:01.095Z with this URL: http://localhost:5001/api/getSheetData?spreadsheetId=1f3Rk4tCszNRsnnClRNI26UB8qPFtTUjAHD0sFglMJf4
2025-04-17T09:09:00.890Z - SUCCESS: Successfully ran scheduler at 2025-04-17T09:09:00.889Z with schedule "*/1 * * * *" and URL: http://localhost:5001/api/PushLeads
2025-04-17T09:09:00.892Z - SUCCESS: Successfully ran scheduler at 2025-04-17T09:09:00.891Z with this URL: http://localhost:5001/api/PushLeads
2025-04-17T09:09:01.409Z - SUCCESS: Triggering webhook not started becaues of data is not exist in excel  2025-04-17T09:09:01.409Z with this URL: http://localhost:5001/api/getSheetData?spreadsheetId=1_J6mcwcZfxhUpjsOcQ2HORlynWa8IuBMA3uAHdSGbEY
2025-04-17T09:09:01.529Z - SUCCESS: Triggering webhook not started becaues of data is not exist in excel  2025-04-17T09:09:01.528Z with this URL: http://localhost:5001/api/getSheetData?spreadsheetId=1f3Rk4tCszNRsnnClRNI26UB8qPFtTUjAHD0sFglMJf4
2025-04-17T09:10:00.311Z - SUCCESS: Successfully ran scheduler at 2025-04-17T09:10:00.311Z with schedule "*/1 * * * *" and URL: http://localhost:5001/api/PushLeads
2025-04-17T09:10:00.312Z - SUCCESS: Successfully ran scheduler at 2025-04-17T09:10:00.312Z with this URL: http://localhost:5001/api/PushLeads
2025-04-17T09:10:00.921Z - SUCCESS: Triggering webhook not started becaues of data is not exist in excel  2025-04-17T09:10:00.920Z with this URL: http://localhost:5001/api/getSheetData?spreadsheetId=1f3Rk4tCszNRsnnClRNI26UB8qPFtTUjAHD0sFglMJf4
2025-04-17T09:10:01.101Z - SUCCESS: Triggering webhook not started becaues of data is not exist in excel  2025-04-17T09:10:01.100Z with this URL: http://localhost:5001/api/getSheetData?spreadsheetId=1_J6mcwcZfxhUpjsOcQ2HORlynWa8IuBMA3uAHdSGbEY
2025-04-17T09:11:00.697Z - SUCCESS: Successfully ran scheduler at 2025-04-17T09:11:00.696Z with schedule "*/1 * * * *" and URL: http://localhost:5001/api/PushLeads
2025-04-17T09:11:00.698Z - SUCCESS: Successfully ran scheduler at 2025-04-17T09:11:00.698Z with this URL: http://localhost:5001/api/PushLeads
2025-04-17T09:11:01.255Z - SUCCESS: Triggering webhook not started becaues of data is not exist in excel  2025-04-17T09:11:01.222Z with this URL: http://localhost:5001/api/getSheetData?spreadsheetId=1_J6mcwcZfxhUpjsOcQ2HORlynWa8IuBMA3uAHdSGbEY
2025-04-17T09:11:01.313Z - SUCCESS: Triggering webhook not started becaues of data is not exist in excel  2025-04-17T09:11:01.313Z with this URL: http://localhost:5001/api/getSheetData?spreadsheetId=1f3Rk4tCszNRsnnClRNI26UB8qPFtTUjAHD0sFglMJf4
2025-04-17T09:12:01.125Z - SUCCESS: Successfully ran scheduler at 2025-04-17T09:12:01.124Z with schedule "*/1 * * * *" and URL: http://localhost:5001/api/PushLeads
2025-04-17T09:12:01.128Z - SUCCESS: Successfully ran scheduler at 2025-04-17T09:12:01.126Z with this URL: http://localhost:5001/api/PushLeads
2025-04-17T09:12:01.844Z - SUCCESS: Triggering webhook not started becaues of data is not exist in excel  2025-04-17T09:12:01.839Z with this URL: http://localhost:5001/api/getSheetData?spreadsheetId=1_J6mcwcZfxhUpjsOcQ2HORlynWa8IuBMA3uAHdSGbEY
2025-04-17T09:12:01.852Z - SUCCESS: Triggering webhook not started becaues of data is not exist in excel  2025-04-17T09:12:01.851Z with this URL: http://localhost:5001/api/getSheetData?spreadsheetId=1f3Rk4tCszNRsnnClRNI26UB8qPFtTUjAHD0sFglMJf4
2025-04-17T09:13:00.723Z - SUCCESS: Successfully ran scheduler at 2025-04-17T09:13:00.722Z with schedule "*/1 * * * *" and URL: http://localhost:5001/api/PushLeads
2025-04-17T09:13:00.726Z - SUCCESS: Successfully ran scheduler at 2025-04-17T09:13:00.724Z with this URL: http://localhost:5001/api/PushLeads
2025-04-17T09:13:01.229Z - SUCCESS: Triggering webhook not started becaues of data is not exist in excel  2025-04-17T09:13:01.228Z with this URL: http://localhost:5001/api/getSheetData?spreadsheetId=1_J6mcwcZfxhUpjsOcQ2HORlynWa8IuBMA3uAHdSGbEY
2025-04-17T09:13:01.238Z - SUCCESS: Triggering webhook not started becaues of data is not exist in excel  2025-04-17T09:13:01.237Z with this URL: http://localhost:5001/api/getSheetData?spreadsheetId=1f3Rk4tCszNRsnnClRNI26UB8qPFtTUjAHD0sFglMJf4
2025-04-17T09:14:00.949Z - SUCCESS: Successfully ran scheduler at 2025-04-17T09:14:00.949Z with schedule "*/1 * * * *" and URL: http://localhost:5001/api/PushLeads
2025-04-17T09:14:00.952Z - SUCCESS: Successfully ran scheduler at 2025-04-17T09:14:00.951Z with this URL: http://localhost:5001/api/PushLeads
2025-04-17T09:14:01.645Z - SUCCESS: Triggering webhook not started becaues of data is not exist in excel  2025-04-17T09:14:01.645Z with this URL: http://localhost:5001/api/getSheetData?spreadsheetId=1_J6mcwcZfxhUpjsOcQ2HORlynWa8IuBMA3uAHdSGbEY
2025-04-17T09:14:01.675Z - SUCCESS: Triggering webhook not started becaues of data is not exist in excel  2025-04-17T09:14:01.674Z with this URL: http://localhost:5001/api/getSheetData?spreadsheetId=1f3Rk4tCszNRsnnClRNI26UB8qPFtTUjAHD0sFglMJf4
2025-04-17T09:15:00.425Z - SUCCESS: Successfully ran scheduler at 2025-04-17T09:15:00.424Z with schedule "*/1 * * * *" and URL: http://localhost:5001/api/PushLeads
2025-04-17T09:15:00.428Z - SUCCESS: Successfully ran scheduler at 2025-04-17T09:15:00.426Z with this URL: http://localhost:5001/api/PushLeads
2025-04-17T09:15:01.040Z - SUCCESS: Triggering webhook not started becaues of data is not exist in excel  2025-04-17T09:15:01.039Z with this URL: http://localhost:5001/api/getSheetData?spreadsheetId=1f3Rk4tCszNRsnnClRNI26UB8qPFtTUjAHD0sFglMJf4
2025-04-17T09:15:01.452Z - SUCCESS: Triggering webhook not started becaues of data is not exist in excel  2025-04-17T09:15:01.448Z with this URL: http://localhost:5001/api/getSheetData?spreadsheetId=1_J6mcwcZfxhUpjsOcQ2HORlynWa8IuBMA3uAHdSGbEY
2025-04-17T09:16:00.844Z - SUCCESS: Successfully ran scheduler at 2025-04-17T09:16:00.843Z with schedule "*/1 * * * *" and URL: http://localhost:5001/api/PushLeads
2025-04-17T09:16:00.847Z - SUCCESS: Successfully ran scheduler at 2025-04-17T09:16:00.845Z with this URL: http://localhost:5001/api/PushLeads
2025-04-17T09:16:01.461Z - SUCCESS: Triggering webhook not started becaues of data is not exist in excel  2025-04-17T09:16:01.460Z with this URL: http://localhost:5001/api/getSheetData?spreadsheetId=1_J6mcwcZfxhUpjsOcQ2HORlynWa8IuBMA3uAHdSGbEY
2025-04-17T09:16:01.465Z - SUCCESS: Triggering webhook not started becaues of data is not exist in excel  2025-04-17T09:16:01.464Z with this URL: http://localhost:5001/api/getSheetData?spreadsheetId=1f3Rk4tCszNRsnnClRNI26UB8qPFtTUjAHD0sFglMJf4
2025-04-17T09:17:00.152Z - SUCCESS: Successfully ran scheduler at 2025-04-17T09:17:00.152Z with schedule "*/1 * * * *" and URL: http://localhost:5001/api/PushLeads
2025-04-17T09:17:00.153Z - SUCCESS: Successfully ran scheduler at 2025-04-17T09:17:00.153Z with this URL: http://localhost:5001/api/PushLeads
2025-04-17T09:17:00.848Z - SUCCESS: Triggering webhook not started becaues of data is not exist in excel  2025-04-17T09:17:00.847Z with this URL: http://localhost:5001/api/getSheetData?spreadsheetId=1f3Rk4tCszNRsnnClRNI26UB8qPFtTUjAHD0sFglMJf4
2025-04-17T09:17:00.952Z - SUCCESS: Triggering webhook not started becaues of data is not exist in excel  2025-04-17T09:17:00.951Z with this URL: http://localhost:5001/api/getSheetData?spreadsheetId=1_J6mcwcZfxhUpjsOcQ2HORlynWa8IuBMA3uAHdSGbEY
2025-04-17T09:18:00.598Z - SUCCESS: Successfully ran scheduler at 2025-04-17T09:18:00.597Z with schedule "*/1 * * * *" and URL: http://localhost:5001/api/PushLeads
2025-04-17T09:18:00.599Z - SUCCESS: Successfully ran scheduler at 2025-04-17T09:18:00.599Z with this URL: http://localhost:5001/api/PushLeads
2025-04-17T09:18:01.164Z - SUCCESS: Triggering webhook not started becaues of data is not exist in excel  2025-04-17T09:18:01.163Z with this URL: http://localhost:5001/api/getSheetData?spreadsheetId=1_J6mcwcZfxhUpjsOcQ2HORlynWa8IuBMA3uAHdSGbEY
2025-04-17T09:18:01.171Z - SUCCESS: Triggering webhook not started becaues of data is not exist in excel  2025-04-17T09:18:01.170Z with this URL: http://localhost:5001/api/getSheetData?spreadsheetId=1f3Rk4tCszNRsnnClRNI26UB8qPFtTUjAHD0sFglMJf4
2025-04-17T09:19:01.082Z - SUCCESS: Successfully ran scheduler at 2025-04-17T09:19:01.081Z with schedule "*/1 * * * *" and URL: http://localhost:5001/api/PushLeads
2025-04-17T09:19:01.084Z - SUCCESS: Successfully ran scheduler at 2025-04-17T09:19:01.083Z with this URL: http://localhost:5001/api/PushLeads
2025-04-17T09:19:01.680Z - SUCCESS: Triggering webhook not started becaues of data is not exist in excel  2025-04-17T09:19:01.679Z with this URL: http://localhost:5001/api/getSheetData?spreadsheetId=1_J6mcwcZfxhUpjsOcQ2HORlynWa8IuBMA3uAHdSGbEY
2025-04-17T09:19:01.784Z - SUCCESS: Triggering webhook not started becaues of data is not exist in excel  2025-04-17T09:19:01.783Z with this URL: http://localhost:5001/api/getSheetData?spreadsheetId=1f3Rk4tCszNRsnnClRNI26UB8qPFtTUjAHD0sFglMJf4
2025-04-17T09:20:00.381Z - SUCCESS: Successfully ran scheduler at 2025-04-17T09:20:00.381Z with schedule "*/1 * * * *" and URL: http://localhost:5001/api/PushLeads
2025-04-17T09:20:00.382Z - SUCCESS: Successfully ran scheduler at 2025-04-17T09:20:00.381Z with this URL: http://localhost:5001/api/PushLeads
2025-04-17T09:20:00.969Z - SUCCESS: Triggering webhook not started becaues of data is not exist in excel  2025-04-17T09:20:00.969Z with this URL: http://localhost:5001/api/getSheetData?spreadsheetId=1f3Rk4tCszNRsnnClRNI26UB8qPFtTUjAHD0sFglMJf4
2025-04-17T09:20:00.978Z - SUCCESS: Triggering webhook not started becaues of data is not exist in excel  2025-04-17T09:20:00.977Z with this URL: http://localhost:5001/api/getSheetData?spreadsheetId=1_J6mcwcZfxhUpjsOcQ2HORlynWa8IuBMA3uAHdSGbEY
2025-04-17T09:21:00.805Z - SUCCESS: Successfully ran scheduler at 2025-04-17T09:21:00.804Z with schedule "*/1 * * * *" and URL: http://localhost:5001/api/PushLeads
2025-04-17T09:21:00.806Z - SUCCESS: Successfully ran scheduler at 2025-04-17T09:21:00.806Z with this URL: http://localhost:5001/api/PushLeads
2025-04-17T09:21:01.491Z - SUCCESS: Triggering webhook not started becaues of data is not exist in excel  2025-04-17T09:21:01.490Z with this URL: http://localhost:5001/api/getSheetData?spreadsheetId=1f3Rk4tCszNRsnnClRNI26UB8qPFtTUjAHD0sFglMJf4
2025-04-17T09:21:01.598Z - SUCCESS: Triggering webhook not started becaues of data is not exist in excel  2025-04-17T09:21:01.597Z with this URL: http://localhost:5001/api/getSheetData?spreadsheetId=1_J6mcwcZfxhUpjsOcQ2HORlynWa8IuBMA3uAHdSGbEY
2025-04-17T09:22:00.395Z - SUCCESS: Successfully ran scheduler at 2025-04-17T09:22:00.394Z with schedule "*/1 * * * *" and URL: http://localhost:5001/api/PushLeads
2025-04-17T09:22:00.396Z - SUCCESS: Successfully ran scheduler at 2025-04-17T09:22:00.395Z with this URL: http://localhost:5001/api/PushLeads
2025-04-17T09:22:00.986Z - SUCCESS: Triggering webhook not started becaues of data is not exist in excel  2025-04-17T09:22:00.985Z with this URL: http://localhost:5001/api/getSheetData?spreadsheetId=1f3Rk4tCszNRsnnClRNI26UB8qPFtTUjAHD0sFglMJf4
2025-04-17T09:22:00.994Z - SUCCESS: Triggering webhook not started becaues of data is not exist in excel  2025-04-17T09:22:00.993Z with this URL: http://localhost:5001/api/getSheetData?spreadsheetId=1_J6mcwcZfxhUpjsOcQ2HORlynWa8IuBMA3uAHdSGbEY
2025-04-17T09:23:00.888Z - SUCCESS: Successfully ran scheduler at 2025-04-17T09:23:00.887Z with schedule "*/1 * * * *" and URL: http://localhost:5001/api/PushLeads
2025-04-17T09:23:00.890Z - SUCCESS: Successfully ran scheduler at 2025-04-17T09:23:00.889Z with this URL: http://localhost:5001/api/PushLeads
2025-04-17T09:23:01.410Z - SUCCESS: Triggering webhook not started becaues of data is not exist in excel  2025-04-17T09:23:01.406Z with this URL: http://localhost:5001/api/getSheetData?spreadsheetId=1f3Rk4tCszNRsnnClRNI26UB8qPFtTUjAHD0sFglMJf4
2025-04-17T09:23:01.413Z - SUCCESS: Triggering webhook not started becaues of data is not exist in excel  2025-04-17T09:23:01.412Z with this URL: http://localhost:5001/api/getSheetData?spreadsheetId=1_J6mcwcZfxhUpjsOcQ2HORlynWa8IuBMA3uAHdSGbEY
2025-04-17T09:24:00.197Z - SUCCESS: Successfully ran scheduler at 2025-04-17T09:24:00.196Z with schedule "*/1 * * * *" and URL: http://localhost:5001/api/PushLeads
2025-04-17T09:24:00.201Z - SUCCESS: Successfully ran scheduler at 2025-04-17T09:24:00.198Z with this URL: http://localhost:5001/api/PushLeads
2025-04-17T09:24:00.796Z - SUCCESS: Triggering webhook not started becaues of data is not exist in excel  2025-04-17T09:24:00.795Z with this URL: http://localhost:5001/api/getSheetData?spreadsheetId=1f3Rk4tCszNRsnnClRNI26UB8qPFtTUjAHD0sFglMJf4
2025-04-17T09:24:00.803Z - SUCCESS: Triggering webhook not started becaues of data is not exist in excel  2025-04-17T09:24:00.802Z with this URL: http://localhost:5001/api/getSheetData?spreadsheetId=1_J6mcwcZfxhUpjsOcQ2HORlynWa8IuBMA3uAHdSGbEY
2025-04-17T09:25:00.655Z - SUCCESS: Successfully ran scheduler at 2025-04-17T09:25:00.652Z with schedule "*/1 * * * *" and URL: http://localhost:5001/api/PushLeads
2025-04-17T09:25:00.657Z - SUCCESS: Successfully ran scheduler at 2025-04-17T09:25:00.655Z with this URL: http://localhost:5001/api/PushLeads
2025-04-17T09:25:01.210Z - SUCCESS: Triggering webhook not started becaues of data is not exist in excel  2025-04-17T09:25:01.209Z with this URL: http://localhost:5001/api/getSheetData?spreadsheetId=1_J6mcwcZfxhUpjsOcQ2HORlynWa8IuBMA3uAHdSGbEY
2025-04-17T09:25:01.336Z - SUCCESS: Triggering webhook not started becaues of data is not exist in excel  2025-04-17T09:25:01.335Z with this URL: http://localhost:5001/api/getSheetData?spreadsheetId=1f3Rk4tCszNRsnnClRNI26UB8qPFtTUjAHD0sFglMJf4
2025-04-17T09:26:00.121Z - SUCCESS: Successfully ran scheduler at 2025-04-17T09:26:00.121Z with schedule "*/1 * * * *" and URL: http://localhost:5001/api/PushLeads
2025-04-17T09:26:00.123Z - SUCCESS: Successfully ran scheduler at 2025-04-17T09:26:00.122Z with this URL: http://localhost:5001/api/PushLeads
2025-04-17T09:26:00.706Z - SUCCESS: Triggering webhook not started becaues of data is not exist in excel  2025-04-17T09:26:00.705Z with this URL: http://localhost:5001/api/getSheetData?spreadsheetId=1_J6mcwcZfxhUpjsOcQ2HORlynWa8IuBMA3uAHdSGbEY
2025-04-17T09:26:00.738Z - SUCCESS: Triggering webhook not started becaues of data is not exist in excel  2025-04-17T09:26:00.737Z with this URL: http://localhost:5001/api/getSheetData?spreadsheetId=1f3Rk4tCszNRsnnClRNI26UB8qPFtTUjAHD0sFglMJf4
2025-04-17T09:27:00.528Z - SUCCESS: Successfully ran scheduler at 2025-04-17T09:27:00.527Z with schedule "*/1 * * * *" and URL: http://localhost:5001/api/PushLeads
2025-04-17T09:27:00.530Z - SUCCESS: Successfully ran scheduler at 2025-04-17T09:27:00.529Z with this URL: http://localhost:5001/api/PushLeads
2025-04-17T09:27:01.223Z - SUCCESS: Triggering webhook not started becaues of data is not exist in excel  2025-04-17T09:27:01.222Z with this URL: http://localhost:5001/api/getSheetData?spreadsheetId=1f3Rk4tCszNRsnnClRNI26UB8qPFtTUjAHD0sFglMJf4
2025-04-17T09:27:01.231Z - SUCCESS: Triggering webhook not started becaues of data is not exist in excel  2025-04-17T09:27:01.230Z with this URL: http://localhost:5001/api/getSheetData?spreadsheetId=1_J6mcwcZfxhUpjsOcQ2HORlynWa8IuBMA3uAHdSGbEY
2025-04-17T09:28:00.954Z - SUCCESS: Successfully ran scheduler at 2025-04-17T09:28:00.953Z with schedule "*/1 * * * *" and URL: http://localhost:5001/api/PushLeads
2025-04-17T09:28:00.955Z - SUCCESS: Successfully ran scheduler at 2025-04-17T09:28:00.954Z with this URL: http://localhost:5001/api/PushLeads
2025-04-17T09:28:01.642Z - SUCCESS: Triggering webhook not started becaues of data is not exist in excel  2025-04-17T09:28:01.641Z with this URL: http://localhost:5001/api/getSheetData?spreadsheetId=1f3Rk4tCszNRsnnClRNI26UB8qPFtTUjAHD0sFglMJf4
2025-04-17T09:28:03.173Z - SUCCESS: Triggering webhook not started becaues of data is not exist in excel  2025-04-17T09:28:03.172Z with this URL: http://localhost:5001/api/getSheetData?spreadsheetId=1_J6mcwcZfxhUpjsOcQ2HORlynWa8IuBMA3uAHdSGbEY
2025-04-17T09:29:00.419Z - SUCCESS: Successfully ran scheduler at 2025-04-17T09:29:00.418Z with schedule "*/1 * * * *" and URL: http://localhost:5001/api/PushLeads
2025-04-17T09:29:00.421Z - SUCCESS: Successfully ran scheduler at 2025-04-17T09:29:00.420Z with this URL: http://localhost:5001/api/PushLeads
2025-04-17T09:29:00.942Z - SUCCESS: Triggering webhook not started becaues of data is not exist in excel  2025-04-17T09:29:00.942Z with this URL: http://localhost:5001/api/getSheetData?spreadsheetId=1_J6mcwcZfxhUpjsOcQ2HORlynWa8IuBMA3uAHdSGbEY
2025-04-17T09:29:01.030Z - SUCCESS: Triggering webhook not started becaues of data is not exist in excel  2025-04-17T09:29:01.030Z with this URL: http://localhost:5001/api/getSheetData?spreadsheetId=1f3Rk4tCszNRsnnClRNI26UB8qPFtTUjAHD0sFglMJf4
2025-04-17T09:30:00.767Z - SUCCESS: Successfully ran scheduler at 2025-04-17T09:30:00.767Z with schedule "*/1 * * * *" and URL: http://localhost:5001/api/PushLeads
2025-04-17T09:30:00.770Z - SUCCESS: Successfully ran scheduler at 2025-04-17T09:30:00.768Z with this URL: http://localhost:5001/api/PushLeads
2025-04-17T09:30:01.758Z - SUCCESS: Triggering webhook not started becaues of data is not exist in excel  2025-04-17T09:30:01.757Z with this URL: http://localhost:5001/api/getSheetData?spreadsheetId=1f3Rk4tCszNRsnnClRNI26UB8qPFtTUjAHD0sFglMJf4
2025-04-17T09:30:01.856Z - SUCCESS: Triggering webhook not started becaues of data is not exist in excel  2025-04-17T09:30:01.855Z with this URL: http://localhost:5001/api/getSheetData?spreadsheetId=1_J6mcwcZfxhUpjsOcQ2HORlynWa8IuBMA3uAHdSGbEY
2025-04-17T09:31:00.248Z - SUCCESS: Successfully ran scheduler at 2025-04-17T09:31:00.247Z with schedule "*/1 * * * *" and URL: http://localhost:5001/api/PushLeads
2025-04-17T09:31:00.250Z - SUCCESS: Successfully ran scheduler at 2025-04-17T09:31:00.249Z with this URL: http://localhost:5001/api/PushLeads
2025-04-17T09:31:00.841Z - SUCCESS: Triggering webhook not started becaues of data is not exist in excel  2025-04-17T09:31:00.840Z with this URL: http://localhost:5001/api/getSheetData?spreadsheetId=1_J6mcwcZfxhUpjsOcQ2HORlynWa8IuBMA3uAHdSGbEY
2025-04-17T09:31:00.849Z - SUCCESS: Triggering webhook not started becaues of data is not exist in excel  2025-04-17T09:31:00.848Z with this URL: http://localhost:5001/api/getSheetData?spreadsheetId=1f3Rk4tCszNRsnnClRNI26UB8qPFtTUjAHD0sFglMJf4
2025-04-17T09:32:00.683Z - SUCCESS: Successfully ran scheduler at 2025-04-17T09:32:00.682Z with schedule "*/1 * * * *" and URL: http://localhost:5001/api/PushLeads
2025-04-17T09:32:00.686Z - SUCCESS: Successfully ran scheduler at 2025-04-17T09:32:00.684Z with this URL: http://localhost:5001/api/PushLeads
2025-04-17T09:32:01.379Z - SUCCESS: Triggering webhook not started becaues of data is not exist in excel  2025-04-17T09:32:01.359Z with this URL: http://localhost:5001/api/getSheetData?spreadsheetId=1f3Rk4tCszNRsnnClRNI26UB8qPFtTUjAHD0sFglMJf4
2025-04-17T09:32:01.461Z - SUCCESS: Triggering webhook not started becaues of data is not exist in excel  2025-04-17T09:32:01.460Z with this URL: http://localhost:5001/api/getSheetData?spreadsheetId=1_J6mcwcZfxhUpjsOcQ2HORlynWa8IuBMA3uAHdSGbEY
2025-04-17T09:33:00.173Z - SUCCESS: Successfully ran scheduler at 2025-04-17T09:33:00.172Z with schedule "*/1 * * * *" and URL: http://localhost:5001/api/PushLeads
2025-04-17T09:33:00.174Z - SUCCESS: Successfully ran scheduler at 2025-04-17T09:33:00.173Z with this URL: http://localhost:5001/api/PushLeads
2025-04-17T09:33:00.778Z - SUCCESS: Triggering webhook not started becaues of data is not exist in excel  2025-04-17T09:33:00.777Z with this URL: http://localhost:5001/api/getSheetData?spreadsheetId=1f3Rk4tCszNRsnnClRNI26UB8qPFtTUjAHD0sFglMJf4
2025-04-17T09:33:00.873Z - SUCCESS: Triggering webhook not started becaues of data is not exist in excel  2025-04-17T09:33:00.872Z with this URL: http://localhost:5001/api/getSheetData?spreadsheetId=1_J6mcwcZfxhUpjsOcQ2HORlynWa8IuBMA3uAHdSGbEY
2025-04-17T09:34:00.679Z - SUCCESS: Successfully ran scheduler at 2025-04-17T09:34:00.679Z with schedule "*/1 * * * *" and URL: http://localhost:5001/api/PushLeads
2025-04-17T09:34:00.681Z - SUCCESS: Successfully ran scheduler at 2025-04-17T09:34:00.680Z with this URL: http://localhost:5001/api/PushLeads
2025-04-17T09:34:01.373Z - SUCCESS: Triggering webhook not started becaues of data is not exist in excel  2025-04-17T09:34:01.372Z with this URL: http://localhost:5001/api/getSheetData?spreadsheetId=1_J6mcwcZfxhUpjsOcQ2HORlynWa8IuBMA3uAHdSGbEY
2025-04-17T09:34:01.578Z - SUCCESS: Triggering webhook not started becaues of data is not exist in excel  2025-04-17T09:34:01.577Z with this URL: http://localhost:5001/api/getSheetData?spreadsheetId=1f3Rk4tCszNRsnnClRNI26UB8qPFtTUjAHD0sFglMJf4
2025-04-17T09:35:01.079Z - SUCCESS: Successfully ran scheduler at 2025-04-17T09:35:01.078Z with schedule "*/1 * * * *" and URL: http://localhost:5001/api/PushLeads
2025-04-17T09:35:01.080Z - SUCCESS: Successfully ran scheduler at 2025-04-17T09:35:01.079Z with this URL: http://localhost:5001/api/PushLeads
2025-04-17T09:35:01.890Z - SUCCESS: Triggering webhook not started becaues of data is not exist in excel  2025-04-17T09:35:01.889Z with this URL: http://localhost:5001/api/getSheetData?spreadsheetId=1_J6mcwcZfxhUpjsOcQ2HORlynWa8IuBMA3uAHdSGbEY
2025-04-17T09:35:02.092Z - SUCCESS: Triggering webhook not started becaues of data is not exist in excel  2025-04-17T09:35:02.091Z with this URL: http://localhost:5001/api/getSheetData?spreadsheetId=1f3Rk4tCszNRsnnClRNI26UB8qPFtTUjAHD0sFglMJf4
2025-04-17T09:36:00.479Z - SUCCESS: Successfully ran scheduler at 2025-04-17T09:36:00.479Z with schedule "*/1 * * * *" and URL: http://localhost:5001/api/PushLeads
2025-04-17T09:36:00.481Z - SUCCESS: Successfully ran scheduler at 2025-04-17T09:36:00.480Z with this URL: http://localhost:5001/api/PushLeads
2025-04-17T09:36:01.076Z - SUCCESS: Triggering webhook not started becaues of data is not exist in excel  2025-04-17T09:36:01.076Z with this URL: http://localhost:5001/api/getSheetData?spreadsheetId=1f3Rk4tCszNRsnnClRNI26UB8qPFtTUjAHD0sFglMJf4
2025-04-17T09:36:01.186Z - SUCCESS: Triggering webhook not started becaues of data is not exist in excel  2025-04-17T09:36:01.185Z with this URL: http://localhost:5001/api/getSheetData?spreadsheetId=1_J6mcwcZfxhUpjsOcQ2HORlynWa8IuBMA3uAHdSGbEY
2025-04-17T09:37:00.907Z - SUCCESS: Successfully ran scheduler at 2025-04-17T09:37:00.906Z with schedule "*/1 * * * *" and URL: http://localhost:5001/api/PushLeads
2025-04-17T09:37:00.909Z - SUCCESS: Successfully ran scheduler at 2025-04-17T09:37:00.907Z with this URL: http://localhost:5001/api/PushLeads
2025-04-17T09:37:01.497Z - SUCCESS: Triggering webhook not started becaues of data is not exist in excel  2025-04-17T09:37:01.497Z with this URL: http://localhost:5001/api/getSheetData?spreadsheetId=1f3Rk4tCszNRsnnClRNI26UB8qPFtTUjAHD0sFglMJf4
2025-04-17T09:37:01.597Z - SUCCESS: Triggering webhook not started becaues of data is not exist in excel  2025-04-17T09:37:01.596Z with this URL: http://localhost:5001/api/getSheetData?spreadsheetId=1_J6mcwcZfxhUpjsOcQ2HORlynWa8IuBMA3uAHdSGbEY
2025-04-17T09:38:00.303Z - SUCCESS: Successfully ran scheduler at 2025-04-17T09:38:00.303Z with schedule "*/1 * * * *" and URL: http://localhost:5001/api/PushLeads
2025-04-17T09:38:00.305Z - SUCCESS: Successfully ran scheduler at 2025-04-17T09:38:00.304Z with this URL: http://localhost:5001/api/PushLeads
2025-04-17T09:38:00.887Z - SUCCESS: Triggering webhook not started becaues of data is not exist in excel  2025-04-17T09:38:00.886Z with this URL: http://localhost:5001/api/getSheetData?spreadsheetId=1_J6mcwcZfxhUpjsOcQ2HORlynWa8IuBMA3uAHdSGbEY
2025-04-17T09:38:00.895Z - SUCCESS: Triggering webhook not started becaues of data is not exist in excel  2025-04-17T09:38:00.894Z with this URL: http://localhost:5001/api/getSheetData?spreadsheetId=1f3Rk4tCszNRsnnClRNI26UB8qPFtTUjAHD0sFglMJf4
2025-04-17T09:39:00.820Z - SUCCESS: Successfully ran scheduler at 2025-04-17T09:39:00.819Z with schedule "*/1 * * * *" and URL: http://localhost:5001/api/PushLeads
2025-04-17T09:39:00.821Z - SUCCESS: Successfully ran scheduler at 2025-04-17T09:39:00.821Z with this URL: http://localhost:5001/api/PushLeads
2025-04-17T09:39:01.414Z - SUCCESS: Triggering webhook not started becaues of data is not exist in excel  2025-04-17T09:39:01.412Z with this URL: http://localhost:5001/api/getSheetData?spreadsheetId=1f3Rk4tCszNRsnnClRNI26UB8qPFtTUjAHD0sFglMJf4
2025-04-17T09:39:01.420Z - SUCCESS: Triggering webhook not started becaues of data is not exist in excel  2025-04-17T09:39:01.420Z with this URL: http://localhost:5001/api/getSheetData?spreadsheetId=1_J6mcwcZfxhUpjsOcQ2HORlynWa8IuBMA3uAHdSGbEY
2025-04-17T12:22:02.226Z - SUCCESS: Lead push scheduler started at 2025-04-17T12:22:02.224Z with schedule "*/1 * * * *" and URL: http://localhost:5001/api/PushLeads
2025-04-17T12:22:02.228Z - SUCCESS: Lead push scheduler started at 2025-04-17T12:22:02.228Z with schedule "*/1 * * * *" and URL: http://localhost:5001/api/getSheetData?spreadsheetId=1f3Rk4tCszNRsnnClRNI26UB8qPFtTUjAHD0sFglMJf4
2025-04-17T12:22:02.233Z - SUCCESS: Lead push scheduler started at 2025-04-17T12:22:02.231Z with schedule "*/1 * * * *" and URL: http://localhost:5001/api/getSheetData?spreadsheetId=1_J6mcwcZfxhUpjsOcQ2HORlynWa8IuBMA3uAHdSGbEY
2025-04-17T12:40:28.343Z - SUCCESS: Lead push scheduler started at 2025-04-17T12:40:28.336Z with schedule "*/1 * * * *" and URL: http://localhost:5001/api/PushLeads
2025-04-17T12:40:28.346Z - SUCCESS: Lead push scheduler started at 2025-04-17T12:40:28.344Z with schedule "*/1 * * * *" and URL: http://localhost:5001/api/getSheetData?spreadsheetId=1f3Rk4tCszNRsnnClRNI26UB8qPFtTUjAHD0sFglMJf4
2025-04-17T12:40:28.350Z - SUCCESS: Lead push scheduler started at 2025-04-17T12:40:28.350Z with schedule "*/1 * * * *" and URL: http://localhost:5001/api/getSheetData?spreadsheetId=1_J6mcwcZfxhUpjsOcQ2HORlynWa8IuBMA3uAHdSGbEY
2025-04-17T12:41:00.928Z - SUCCESS: Successfully ran scheduler at 2025-04-17T12:41:00.927Z with schedule "*/1 * * * *" and URL: http://localhost:5001/api/PushLeads
2025-04-17T12:41:00.932Z - SUCCESS: Successfully ran scheduler at 2025-04-17T12:41:00.930Z with this URL: http://localhost:5001/api/PushLeads
2025-04-17T12:41:01.959Z - SUCCESS: Triggering webhook not started becaues of data is not exist in excel  2025-04-17T12:41:01.958Z with this URL: http://localhost:5001/api/getSheetData?spreadsheetId=1_J6mcwcZfxhUpjsOcQ2HORlynWa8IuBMA3uAHdSGbEY
2025-04-17T12:41:01.979Z - SUCCESS: Triggering webhook not started becaues of data is not exist in excel  2025-04-17T12:41:01.978Z with this URL: http://localhost:5001/api/getSheetData?spreadsheetId=1f3Rk4tCszNRsnnClRNI26UB8qPFtTUjAHD0sFglMJf4
2025-04-17T12:42:01.073Z - SUCCESS: Successfully ran scheduler at 2025-04-17T12:42:01.073Z with schedule "*/1 * * * *" and URL: http://localhost:5001/api/PushLeads
2025-04-17T12:42:01.076Z - SUCCESS: Successfully ran scheduler at 2025-04-17T12:42:01.075Z with this URL: http://localhost:5001/api/PushLeads
2025-04-17T12:42:01.753Z - SUCCESS: Triggering webhook not started becaues of data is not exist in excel  2025-04-17T12:42:01.752Z with this URL: http://localhost:5001/api/getSheetData?spreadsheetId=1_J6mcwcZfxhUpjsOcQ2HORlynWa8IuBMA3uAHdSGbEY
2025-04-17T12:42:01.856Z - SUCCESS: Triggering webhook not started becaues of data is not exist in excel  2025-04-17T12:42:01.855Z with this URL: http://localhost:5001/api/getSheetData?spreadsheetId=1f3Rk4tCszNRsnnClRNI26UB8qPFtTUjAHD0sFglMJf4
2025-04-17T12:43:00.630Z - SUCCESS: Successfully ran scheduler at 2025-04-17T12:43:00.629Z with schedule "*/1 * * * *" and URL: http://localhost:5001/api/PushLeads
2025-04-17T12:43:00.633Z - SUCCESS: Successfully ran scheduler at 2025-04-17T12:43:00.631Z with this URL: http://localhost:5001/api/PushLeads
2025-04-17T12:43:01.148Z - SUCCESS: Triggering webhook not started becaues of data is not exist in excel  2025-04-17T12:43:01.147Z with this URL: http://localhost:5001/api/getSheetData?spreadsheetId=1_J6mcwcZfxhUpjsOcQ2HORlynWa8IuBMA3uAHdSGbEY
2025-04-17T12:43:01.169Z - SUCCESS: Triggering webhook not started becaues of data is not exist in excel  2025-04-17T12:43:01.167Z with this URL: http://localhost:5001/api/getSheetData?spreadsheetId=1f3Rk4tCszNRsnnClRNI26UB8qPFtTUjAHD0sFglMJf4
2025-04-17T12:44:00.872Z - SUCCESS: Successfully ran scheduler at 2025-04-17T12:44:00.871Z with schedule "*/1 * * * *" and URL: http://localhost:5001/api/PushLeads
2025-04-17T12:44:00.874Z - SUCCESS: Successfully ran scheduler at 2025-04-17T12:44:00.872Z with this URL: http://localhost:5001/api/PushLeads
2025-04-17T12:44:01.465Z - SUCCESS: Triggering webhook not started becaues of data is not exist in excel  2025-04-17T12:44:01.464Z with this URL: http://localhost:5001/api/getSheetData?spreadsheetId=1_J6mcwcZfxhUpjsOcQ2HORlynWa8IuBMA3uAHdSGbEY
2025-04-17T12:44:01.478Z - SUCCESS: Triggering webhook not started becaues of data is not exist in excel  2025-04-17T12:44:01.477Z with this URL: http://localhost:5001/api/getSheetData?spreadsheetId=1f3Rk4tCszNRsnnClRNI26UB8qPFtTUjAHD0sFglMJf4
2025-04-17T12:45:00.159Z - SUCCESS: Successfully ran scheduler at 2025-04-17T12:45:00.159Z with schedule "*/1 * * * *" and URL: http://localhost:5001/api/PushLeads
2025-04-17T12:45:00.161Z - SUCCESS: Successfully ran scheduler at 2025-04-17T12:45:00.160Z with this URL: http://localhost:5001/api/PushLeads
2025-04-17T12:45:00.847Z - SUCCESS: Triggering webhook not started becaues of data is not exist in excel  2025-04-17T12:45:00.847Z with this URL: http://localhost:5001/api/getSheetData?spreadsheetId=1_J6mcwcZfxhUpjsOcQ2HORlynWa8IuBMA3uAHdSGbEY
2025-04-17T12:45:00.853Z - SUCCESS: Triggering webhook not started becaues of data is not exist in excel  2025-04-17T12:45:00.853Z with this URL: http://localhost:5001/api/getSheetData?spreadsheetId=1f3Rk4tCszNRsnnClRNI26UB8qPFtTUjAHD0sFglMJf4
2025-04-17T12:46:00.578Z - SUCCESS: Successfully ran scheduler at 2025-04-17T12:46:00.577Z with schedule "*/1 * * * *" and URL: http://localhost:5001/api/PushLeads
2025-04-17T12:46:00.583Z - SUCCESS: Successfully ran scheduler at 2025-04-17T12:46:00.580Z with this URL: http://localhost:5001/api/PushLeads
2025-04-17T12:46:01.274Z - SUCCESS: Triggering webhook not started becaues of data is not exist in excel  2025-04-17T12:46:01.269Z with this URL: http://localhost:5001/api/getSheetData?spreadsheetId=1f3Rk4tCszNRsnnClRNI26UB8qPFtTUjAHD0sFglMJf4
2025-04-17T12:46:01.379Z - SUCCESS: Triggering webhook not started becaues of data is not exist in excel  2025-04-17T12:46:01.378Z with this URL: http://localhost:5001/api/getSheetData?spreadsheetId=1_J6mcwcZfxhUpjsOcQ2HORlynWa8IuBMA3uAHdSGbEY
2025-04-17T12:47:00.983Z - SUCCESS: Successfully ran scheduler at 2025-04-17T12:47:00.982Z with schedule "*/1 * * * *" and URL: http://localhost:5001/api/PushLeads
2025-04-17T12:47:00.984Z - SUCCESS: Successfully ran scheduler at 2025-04-17T12:47:00.983Z with this URL: http://localhost:5001/api/PushLeads
2025-04-17T12:47:01.060Z - SUCCESS: Triggering webhook not started becaues of data is not exist in excel  2025-04-17T12:47:01.059Z with this URL: http://localhost:5001/api/getSheetData?spreadsheetId=1_J6mcwcZfxhUpjsOcQ2HORlynWa8IuBMA3uAHdSGbEY
2025-04-17T12:47:01.066Z - SUCCESS: Triggering webhook not started becaues of data is not exist in excel  2025-04-17T12:47:01.066Z with this URL: http://localhost:5001/api/getSheetData?spreadsheetId=1f3Rk4tCszNRsnnClRNI26UB8qPFtTUjAHD0sFglMJf4
2025-04-17T12:48:00.489Z - SUCCESS: Successfully ran scheduler at 2025-04-17T12:48:00.488Z with schedule "*/1 * * * *" and URL: http://localhost:5001/api/PushLeads
2025-04-17T12:48:00.492Z - SUCCESS: Successfully ran scheduler at 2025-04-17T12:48:00.490Z with this URL: http://localhost:5001/api/PushLeads
2025-04-17T12:48:01.277Z - SUCCESS: Triggering webhook not started becaues of data is not exist in excel  2025-04-17T12:48:01.277Z with this URL: http://localhost:5001/api/getSheetData?spreadsheetId=1f3Rk4tCszNRsnnClRNI26UB8qPFtTUjAHD0sFglMJf4
2025-04-17T12:48:01.284Z - SUCCESS: Triggering webhook not started becaues of data is not exist in excel  2025-04-17T12:48:01.282Z with this URL: http://localhost:5001/api/getSheetData?spreadsheetId=1_J6mcwcZfxhUpjsOcQ2HORlynWa8IuBMA3uAHdSGbEY
2025-04-17T12:49:01.066Z - SUCCESS: Successfully ran scheduler at 2025-04-17T12:49:01.065Z with schedule "*/1 * * * *" and URL: http://localhost:5001/api/PushLeads
2025-04-17T12:49:01.069Z - SUCCESS: Successfully ran scheduler at 2025-04-17T12:49:01.066Z with this URL: http://localhost:5001/api/PushLeads
2025-04-17T12:49:01.802Z - SUCCESS: Triggering webhook not started becaues of data is not exist in excel  2025-04-17T12:49:01.801Z with this URL: http://localhost:5001/api/getSheetData?spreadsheetId=1f3Rk4tCszNRsnnClRNI26UB8qPFtTUjAHD0sFglMJf4
2025-04-17T12:49:01.894Z - SUCCESS: Triggering webhook not started becaues of data is not exist in excel  2025-04-17T12:49:01.892Z with this URL: http://localhost:5001/api/getSheetData?spreadsheetId=1_J6mcwcZfxhUpjsOcQ2HORlynWa8IuBMA3uAHdSGbEY
2025-04-17T12:50:00.461Z - SUCCESS: Successfully ran scheduler at 2025-04-17T12:50:00.460Z with schedule "*/1 * * * *" and URL: http://localhost:5001/api/PushLeads
2025-04-17T12:50:00.467Z - SUCCESS: Successfully ran scheduler at 2025-04-17T12:50:00.463Z with this URL: http://localhost:5001/api/PushLeads
2025-04-17T12:50:01.176Z - SUCCESS: Triggering webhook not started becaues of data is not exist in excel  2025-04-17T12:50:01.176Z with this URL: http://localhost:5001/api/getSheetData?spreadsheetId=1f3Rk4tCszNRsnnClRNI26UB8qPFtTUjAHD0sFglMJf4
2025-04-17T12:50:01.207Z - SUCCESS: Triggering webhook not started becaues of data is not exist in excel  2025-04-17T12:50:01.206Z with this URL: http://localhost:5001/api/getSheetData?spreadsheetId=1_J6mcwcZfxhUpjsOcQ2HORlynWa8IuBMA3uAHdSGbEY
2025-04-17T12:51:00.684Z - SUCCESS: Triggering webhook not started becaues of data is not exist in excel  2025-04-17T12:51:00.684Z with this URL: http://localhost:5001/api/getSheetData?spreadsheetId=1f3Rk4tCszNRsnnClRNI26UB8qPFtTUjAHD0sFglMJf4
2025-04-17T12:51:00.777Z - SUCCESS: Triggering webhook not started becaues of data is not exist in excel  2025-04-17T12:51:00.777Z with this URL: http://localhost:5001/api/getSheetData?spreadsheetId=1_J6mcwcZfxhUpjsOcQ2HORlynWa8IuBMA3uAHdSGbEY
2025-04-17T12:51:00.794Z - SUCCESS: Successfully ran scheduler at 2025-04-17T12:51:00.793Z with schedule "*/1 * * * *" and URL: http://localhost:5001/api/PushLeads
2025-04-17T12:51:00.794Z - SUCCESS: Successfully ran scheduler at 2025-04-17T12:51:00.794Z with this URL: http://localhost:5001/api/PushLeads
2025-04-17T12:52:00.301Z - SUCCESS: Successfully ran scheduler at 2025-04-17T12:52:00.300Z with schedule "*/1 * * * *" and URL: http://localhost:5001/api/PushLeads
2025-04-17T12:52:00.302Z - SUCCESS: Successfully ran scheduler at 2025-04-17T12:52:00.302Z with this URL: http://localhost:5001/api/PushLeads
2025-04-17T12:52:01.307Z - SUCCESS: Triggering webhook not started becaues of data is not exist in excel  2025-04-17T12:52:01.305Z with this URL: http://localhost:5001/api/getSheetData?spreadsheetId=1_J6mcwcZfxhUpjsOcQ2HORlynWa8IuBMA3uAHdSGbEY
2025-04-17T12:52:01.396Z - SUCCESS: Triggering webhook not started becaues of data is not exist in excel  2025-04-17T12:52:01.394Z with this URL: http://localhost:5001/api/getSheetData?spreadsheetId=1f3Rk4tCszNRsnnClRNI26UB8qPFtTUjAHD0sFglMJf4
2025-04-17T12:53:00.808Z - SUCCESS: Successfully ran scheduler at 2025-04-17T12:53:00.808Z with schedule "*/1 * * * *" and URL: http://localhost:5001/api/PushLeads
2025-04-17T12:53:00.809Z - SUCCESS: Successfully ran scheduler at 2025-04-17T12:53:00.809Z with this URL: http://localhost:5001/api/PushLeads
2025-04-17T12:53:01.608Z - SUCCESS: Triggering webhook not started becaues of data is not exist in excel  2025-04-17T12:53:01.608Z with this URL: http://localhost:5001/api/getSheetData?spreadsheetId=1f3Rk4tCszNRsnnClRNI26UB8qPFtTUjAHD0sFglMJf4
2025-04-17T12:53:01.709Z - SUCCESS: Triggering webhook not started becaues of data is not exist in excel  2025-04-17T12:53:01.708Z with this URL: http://localhost:5001/api/getSheetData?spreadsheetId=1_J6mcwcZfxhUpjsOcQ2HORlynWa8IuBMA3uAHdSGbEY
2025-04-17T12:54:00.388Z - SUCCESS: Successfully ran scheduler at 2025-04-17T12:54:00.386Z with schedule "*/1 * * * *" and URL: http://localhost:5001/api/PushLeads
2025-04-17T12:54:00.392Z - SUCCESS: Successfully ran scheduler at 2025-04-17T12:54:00.389Z with this URL: http://localhost:5001/api/PushLeads
2025-04-17T12:54:01.108Z - SUCCESS: Triggering webhook not started becaues of data is not exist in excel  2025-04-17T12:54:01.107Z with this URL: http://localhost:5001/api/getSheetData?spreadsheetId=1_J6mcwcZfxhUpjsOcQ2HORlynWa8IuBMA3uAHdSGbEY
2025-04-17T12:54:01.134Z - SUCCESS: Triggering webhook not started becaues of data is not exist in excel  2025-04-17T12:54:01.133Z with this URL: http://localhost:5001/api/getSheetData?spreadsheetId=1f3Rk4tCszNRsnnClRNI26UB8qPFtTUjAHD0sFglMJf4
2025-04-17T12:55:00.826Z - SUCCESS: Successfully ran scheduler at 2025-04-17T12:55:00.825Z with schedule "*/1 * * * *" and URL: http://localhost:5001/api/PushLeads
2025-04-17T12:55:00.827Z - SUCCESS: Successfully ran scheduler at 2025-04-17T12:55:00.827Z with this URL: http://localhost:5001/api/PushLeads
2025-04-17T12:55:01.532Z - SUCCESS: Triggering webhook not started becaues of data is not exist in excel  2025-04-17T12:55:01.531Z with this URL: http://localhost:5001/api/getSheetData?spreadsheetId=1f3Rk4tCszNRsnnClRNI26UB8qPFtTUjAHD0sFglMJf4
2025-04-17T12:55:01.537Z - SUCCESS: Triggering webhook not started becaues of data is not exist in excel  2025-04-17T12:55:01.535Z with this URL: http://localhost:5001/api/getSheetData?spreadsheetId=1_J6mcwcZfxhUpjsOcQ2HORlynWa8IuBMA3uAHdSGbEY
2025-04-17T12:56:00.222Z - SUCCESS: Successfully ran scheduler at 2025-04-17T12:56:00.221Z with schedule "*/1 * * * *" and URL: http://localhost:5001/api/PushLeads
2025-04-17T12:56:00.223Z - SUCCESS: Successfully ran scheduler at 2025-04-17T12:56:00.222Z with this URL: http://localhost:5001/api/PushLeads
2025-04-17T12:56:01.030Z - SUCCESS: Triggering webhook not started becaues of data is not exist in excel  2025-04-17T12:56:01.028Z with this URL: http://localhost:5001/api/getSheetData?spreadsheetId=1_J6mcwcZfxhUpjsOcQ2HORlynWa8IuBMA3uAHdSGbEY
2025-04-17T12:56:01.217Z - SUCCESS: Triggering webhook not started becaues of data is not exist in excel  2025-04-17T12:56:01.214Z with this URL: http://localhost:5001/api/getSheetData?spreadsheetId=1f3Rk4tCszNRsnnClRNI26UB8qPFtTUjAHD0sFglMJf4
2025-04-17T12:57:00.629Z - SUCCESS: Successfully ran scheduler at 2025-04-17T12:57:00.628Z with schedule "*/1 * * * *" and URL: http://localhost:5001/api/PushLeads
2025-04-17T12:57:00.630Z - SUCCESS: Successfully ran scheduler at 2025-04-17T12:57:00.629Z with this URL: http://localhost:5001/api/PushLeads
2025-04-17T12:57:01.557Z - SUCCESS: Triggering webhook not started becaues of data is not exist in excel  2025-04-17T12:57:01.557Z with this URL: http://localhost:5001/api/getSheetData?spreadsheetId=1f3Rk4tCszNRsnnClRNI26UB8qPFtTUjAHD0sFglMJf4
2025-04-17T12:57:01.638Z - SUCCESS: Triggering webhook not started becaues of data is not exist in excel  2025-04-17T12:57:01.630Z with this URL: http://localhost:5001/api/getSheetData?spreadsheetId=1_J6mcwcZfxhUpjsOcQ2HORlynWa8IuBMA3uAHdSGbEY
2025-04-17T12:58:00.129Z - SUCCESS: Successfully ran scheduler at 2025-04-17T12:58:00.128Z with schedule "*/1 * * * *" and URL: http://localhost:5001/api/PushLeads
2025-04-17T12:58:00.131Z - SUCCESS: Successfully ran scheduler at 2025-04-17T12:58:00.130Z with this URL: http://localhost:5001/api/PushLeads
2025-04-17T12:58:00.929Z - SUCCESS: Triggering webhook not started becaues of data is not exist in excel  2025-04-17T12:58:00.927Z with this URL: http://localhost:5001/api/getSheetData?spreadsheetId=1_J6mcwcZfxhUpjsOcQ2HORlynWa8IuBMA3uAHdSGbEY
2025-04-17T12:58:00.938Z - SUCCESS: Triggering webhook not started becaues of data is not exist in excel  2025-04-17T12:58:00.937Z with this URL: http://localhost:5001/api/getSheetData?spreadsheetId=1f3Rk4tCszNRsnnClRNI26UB8qPFtTUjAHD0sFglMJf4
2025-04-17T12:59:00.641Z - SUCCESS: Successfully ran scheduler at 2025-04-17T12:59:00.641Z with schedule "*/1 * * * *" and URL: http://localhost:5001/api/PushLeads
2025-04-17T12:59:00.643Z - SUCCESS: Successfully ran scheduler at 2025-04-17T12:59:00.642Z with this URL: http://localhost:5001/api/PushLeads
2025-04-17T12:59:01.334Z - SUCCESS: Triggering webhook not started becaues of data is not exist in excel  2025-04-17T12:59:01.332Z with this URL: http://localhost:5001/api/getSheetData?spreadsheetId=1_J6mcwcZfxhUpjsOcQ2HORlynWa8IuBMA3uAHdSGbEY
2025-04-17T12:59:01.338Z - SUCCESS: Triggering webhook not started becaues of data is not exist in excel  2025-04-17T12:59:01.338Z with this URL: http://localhost:5001/api/getSheetData?spreadsheetId=1f3Rk4tCszNRsnnClRNI26UB8qPFtTUjAHD0sFglMJf4
2025-04-17T13:00:00.138Z - SUCCESS: Successfully ran scheduler at 2025-04-17T13:00:00.137Z with schedule "*/1 * * * *" and URL: http://localhost:5001/api/PushLeads
2025-04-17T13:00:00.139Z - SUCCESS: Successfully ran scheduler at 2025-04-17T13:00:00.138Z with this URL: http://localhost:5001/api/PushLeads
2025-04-17T13:00:00.827Z - SUCCESS: Triggering webhook not started becaues of data is not exist in excel  2025-04-17T13:00:00.827Z with this URL: http://localhost:5001/api/getSheetData?spreadsheetId=1_J6mcwcZfxhUpjsOcQ2HORlynWa8IuBMA3uAHdSGbEY
2025-04-17T13:00:00.831Z - SUCCESS: Triggering webhook not started becaues of data is not exist in excel  2025-04-17T13:00:00.831Z with this URL: http://localhost:5001/api/getSheetData?spreadsheetId=1f3Rk4tCszNRsnnClRNI26UB8qPFtTUjAHD0sFglMJf4
2025-04-17T13:01:00.657Z - SUCCESS: Successfully ran scheduler at 2025-04-17T13:01:00.657Z with schedule "*/1 * * * *" and URL: http://localhost:5001/api/PushLeads
2025-04-17T13:01:00.658Z - SUCCESS: Successfully ran scheduler at 2025-04-17T13:01:00.658Z with this URL: http://localhost:5001/api/PushLeads
2025-04-17T13:01:01.468Z - SUCCESS: Triggering webhook not started becaues of data is not exist in excel  2025-04-17T13:01:01.468Z with this URL: http://localhost:5001/api/getSheetData?spreadsheetId=1_J6mcwcZfxhUpjsOcQ2HORlynWa8IuBMA3uAHdSGbEY
2025-04-17T13:01:01.476Z - SUCCESS: Triggering webhook not started becaues of data is not exist in excel  2025-04-17T13:01:01.475Z with this URL: http://localhost:5001/api/getSheetData?spreadsheetId=1f3Rk4tCszNRsnnClRNI26UB8qPFtTUjAHD0sFglMJf4
2025-04-17T13:02:00.053Z - SUCCESS: Successfully ran scheduler at 2025-04-17T13:02:00.052Z with schedule "*/1 * * * *" and URL: http://localhost:5001/api/PushLeads
2025-04-17T13:02:00.055Z - SUCCESS: Successfully ran scheduler at 2025-04-17T13:02:00.054Z with this URL: http://localhost:5001/api/PushLeads
2025-04-17T13:02:00.852Z - SUCCESS: Triggering webhook not started becaues of data is not exist in excel  2025-04-17T13:02:00.851Z with this URL: http://localhost:5001/api/getSheetData?spreadsheetId=1f3Rk4tCszNRsnnClRNI26UB8qPFtTUjAHD0sFglMJf4
2025-04-17T13:02:00.864Z - SUCCESS: Triggering webhook not started becaues of data is not exist in excel  2025-04-17T13:02:00.863Z with this URL: http://localhost:5001/api/getSheetData?spreadsheetId=1_J6mcwcZfxhUpjsOcQ2HORlynWa8IuBMA3uAHdSGbEY
2025-04-17T13:03:00.668Z - SUCCESS: Successfully ran scheduler at 2025-04-17T13:03:00.662Z with schedule "*/1 * * * *" and URL: http://localhost:5001/api/PushLeads
2025-04-17T13:03:00.672Z - SUCCESS: Successfully ran scheduler at 2025-04-17T13:03:00.670Z with this URL: http://localhost:5001/api/PushLeads
2025-04-17T13:03:01.457Z - SUCCESS: Triggering webhook not started becaues of data is not exist in excel  2025-04-17T13:03:01.456Z with this URL: http://localhost:5001/api/getSheetData?spreadsheetId=1_J6mcwcZfxhUpjsOcQ2HORlynWa8IuBMA3uAHdSGbEY
2025-04-17T13:03:01.872Z - SUCCESS: Triggering webhook not started becaues of data is not exist in excel  2025-04-17T13:03:01.872Z with this URL: http://localhost:5001/api/getSheetData?spreadsheetId=1f3Rk4tCszNRsnnClRNI26UB8qPFtTUjAHD0sFglMJf4
2025-04-17T13:04:00.058Z - SUCCESS: Successfully ran scheduler at 2025-04-17T13:04:00.057Z with schedule "*/1 * * * *" and URL: http://localhost:5001/api/PushLeads
2025-04-17T13:04:00.058Z - SUCCESS: Successfully ran scheduler at 2025-04-17T13:04:00.058Z with this URL: http://localhost:5001/api/PushLeads
2025-04-17T13:04:00.750Z - SUCCESS: Triggering webhook not started becaues of data is not exist in excel  2025-04-17T13:04:00.749Z with this URL: http://localhost:5001/api/getSheetData?spreadsheetId=1_J6mcwcZfxhUpjsOcQ2HORlynWa8IuBMA3uAHdSGbEY
2025-04-17T13:04:00.756Z - SUCCESS: Triggering webhook not started becaues of data is not exist in excel  2025-04-17T13:04:00.753Z with this URL: http://localhost:5001/api/getSheetData?spreadsheetId=1f3Rk4tCszNRsnnClRNI26UB8qPFtTUjAHD0sFglMJf4
2025-04-17T13:05:00.564Z - SUCCESS: Successfully ran scheduler at 2025-04-17T13:05:00.563Z with schedule "*/1 * * * *" and URL: http://localhost:5001/api/PushLeads
2025-04-17T13:05:00.565Z - SUCCESS: Successfully ran scheduler at 2025-04-17T13:05:00.564Z with this URL: http://localhost:5001/api/PushLeads
2025-04-17T13:05:01.388Z - SUCCESS: Triggering webhook not started becaues of data is not exist in excel  2025-04-17T13:05:01.387Z with this URL: http://localhost:5001/api/getSheetData?spreadsheetId=1f3Rk4tCszNRsnnClRNI26UB8qPFtTUjAHD0sFglMJf4
2025-04-17T13:05:01.472Z - SUCCESS: Triggering webhook not started becaues of data is not exist in excel  2025-04-17T13:05:01.472Z with this URL: http://localhost:5001/api/getSheetData?spreadsheetId=1_J6mcwcZfxhUpjsOcQ2HORlynWa8IuBMA3uAHdSGbEY
2025-04-17T13:06:00.868Z - SUCCESS: Triggering webhook not started becaues of data is not exist in excel  2025-04-17T13:06:00.867Z with this URL: http://localhost:5001/api/getSheetData?spreadsheetId=1_J6mcwcZfxhUpjsOcQ2HORlynWa8IuBMA3uAHdSGbEY
2025-04-17T13:06:00.877Z - SUCCESS: Triggering webhook not started becaues of data is not exist in excel  2025-04-17T13:06:00.876Z with this URL: http://localhost:5001/api/getSheetData?spreadsheetId=1f3Rk4tCszNRsnnClRNI26UB8qPFtTUjAHD0sFglMJf4
2025-04-17T13:06:00.988Z - SUCCESS: Successfully ran scheduler at 2025-04-17T13:06:00.985Z with schedule "*/1 * * * *" and URL: http://localhost:5001/api/PushLeads
2025-04-17T13:06:00.992Z - SUCCESS: Successfully ran scheduler at 2025-04-17T13:06:00.990Z with this URL: http://localhost:5001/api/PushLeads
2025-04-17T13:07:00.385Z - SUCCESS: Successfully ran scheduler at 2025-04-17T13:07:00.385Z with schedule "*/1 * * * *" and URL: http://localhost:5001/api/PushLeads
2025-04-17T13:07:00.387Z - SUCCESS: Successfully ran scheduler at 2025-04-17T13:07:00.386Z with this URL: http://localhost:5001/api/PushLeads
2025-04-17T13:07:01.285Z - SUCCESS: Triggering webhook not started becaues of data is not exist in excel  2025-04-17T13:07:01.284Z with this URL: http://localhost:5001/api/getSheetData?spreadsheetId=1_J6mcwcZfxhUpjsOcQ2HORlynWa8IuBMA3uAHdSGbEY
2025-04-17T13:07:01.293Z - SUCCESS: Triggering webhook not started becaues of data is not exist in excel  2025-04-17T13:07:01.293Z with this URL: http://localhost:5001/api/getSheetData?spreadsheetId=1f3Rk4tCszNRsnnClRNI26UB8qPFtTUjAHD0sFglMJf4
2025-04-17T13:08:00.675Z - SUCCESS: Triggering webhook not started becaues of data is not exist in excel  2025-04-17T13:08:00.674Z with this URL: http://localhost:5001/api/getSheetData?spreadsheetId=1_J6mcwcZfxhUpjsOcQ2HORlynWa8IuBMA3uAHdSGbEY
2025-04-17T13:08:00.683Z - SUCCESS: Triggering webhook not started becaues of data is not exist in excel  2025-04-17T13:08:00.682Z with this URL: http://localhost:5001/api/getSheetData?spreadsheetId=1f3Rk4tCszNRsnnClRNI26UB8qPFtTUjAHD0sFglMJf4
2025-04-17T13:08:00.792Z - SUCCESS: Successfully ran scheduler at 2025-04-17T13:08:00.792Z with schedule "*/1 * * * *" and URL: http://localhost:5001/api/PushLeads
2025-04-17T13:08:00.795Z - SUCCESS: Successfully ran scheduler at 2025-04-17T13:08:00.794Z with this URL: http://localhost:5001/api/PushLeads
2025-04-17T13:09:00.201Z - SUCCESS: Successfully ran scheduler at 2025-04-17T13:09:00.200Z with schedule "*/1 * * * *" and URL: http://localhost:5001/api/PushLeads
2025-04-17T13:09:00.203Z - SUCCESS: Successfully ran scheduler at 2025-04-17T13:09:00.202Z with this URL: http://localhost:5001/api/PushLeads
2025-04-17T13:09:01.312Z - SUCCESS: Triggering webhook not started becaues of data is not exist in excel  2025-04-17T13:09:01.310Z with this URL: http://localhost:5001/api/getSheetData?spreadsheetId=1f3Rk4tCszNRsnnClRNI26UB8qPFtTUjAHD0sFglMJf4
2025-04-17T13:09:01.401Z - SUCCESS: Triggering webhook not started becaues of data is not exist in excel  2025-04-17T13:09:01.400Z with this URL: http://localhost:5001/api/getSheetData?spreadsheetId=1_J6mcwcZfxhUpjsOcQ2HORlynWa8IuBMA3uAHdSGbEY
2025-04-17T13:10:00.687Z - SUCCESS: Successfully ran scheduler at 2025-04-17T13:10:00.686Z with schedule "*/1 * * * *" and URL: http://localhost:5001/api/PushLeads
2025-04-17T13:10:00.691Z - SUCCESS: Successfully ran scheduler at 2025-04-17T13:10:00.688Z with this URL: http://localhost:5001/api/PushLeads
2025-04-17T13:10:01.714Z - SUCCESS: Triggering webhook not started becaues of data is not exist in excel  2025-04-17T13:10:01.713Z with this URL: http://localhost:5001/api/getSheetData?spreadsheetId=1f3Rk4tCszNRsnnClRNI26UB8qPFtTUjAHD0sFglMJf4
2025-04-17T13:11:00.110Z - SUCCESS: Successfully ran scheduler at 2025-04-17T13:11:00.109Z with schedule "*/1 * * * *" and URL: http://localhost:5001/api/PushLeads
2025-04-17T13:11:00.115Z - SUCCESS: Successfully ran scheduler at 2025-04-17T13:11:00.111Z with this URL: http://localhost:5001/api/PushLeads
2025-04-17T13:11:01.215Z - SUCCESS: Triggering webhook not started becaues of data is not exist in excel  2025-04-17T13:11:01.214Z with this URL: http://localhost:5001/api/getSheetData?spreadsheetId=1f3Rk4tCszNRsnnClRNI26UB8qPFtTUjAHD0sFglMJf4
2025-04-17T13:11:01.224Z - SUCCESS: Triggering webhook not started becaues of data is not exist in excel  2025-04-17T13:11:01.223Z with this URL: http://localhost:5001/api/getSheetData?spreadsheetId=1_J6mcwcZfxhUpjsOcQ2HORlynWa8IuBMA3uAHdSGbEY
2025-04-17T13:12:00.521Z - SUCCESS: Successfully ran scheduler at 2025-04-17T13:12:00.521Z with schedule "*/1 * * * *" and URL: http://localhost:5001/api/PushLeads
2025-04-17T13:12:00.522Z - SUCCESS: Successfully ran scheduler at 2025-04-17T13:12:00.522Z with this URL: http://localhost:5001/api/PushLeads
2025-04-17T13:12:01.538Z - SUCCESS: Triggering webhook not started becaues of data is not exist in excel  2025-04-17T13:12:01.536Z with this URL: http://localhost:5001/api/getSheetData?spreadsheetId=1_J6mcwcZfxhUpjsOcQ2HORlynWa8IuBMA3uAHdSGbEY
2025-04-17T13:12:01.547Z - SUCCESS: Triggering webhook not started becaues of data is not exist in excel  2025-04-17T13:12:01.546Z with this URL: http://localhost:5001/api/getSheetData?spreadsheetId=1f3Rk4tCszNRsnnClRNI26UB8qPFtTUjAHD0sFglMJf4
2025-04-17T13:13:00.911Z - SUCCESS: Triggering webhook not started becaues of data is not exist in excel  2025-04-17T13:13:00.910Z with this URL: http://localhost:5001/api/getSheetData?spreadsheetId=1f3Rk4tCszNRsnnClRNI26UB8qPFtTUjAHD0sFglMJf4
2025-04-17T13:13:00.923Z - SUCCESS: Successfully ran scheduler at 2025-04-17T13:13:00.923Z with schedule "*/1 * * * *" and URL: http://localhost:5001/api/PushLeads
2025-04-17T13:13:00.925Z - SUCCESS: Successfully ran scheduler at 2025-04-17T13:13:00.924Z with this URL: http://localhost:5001/api/PushLeads
2025-04-17T13:13:01.022Z - SUCCESS: Triggering webhook not started becaues of data is not exist in excel  2025-04-17T13:13:01.021Z with this URL: http://localhost:5001/api/getSheetData?spreadsheetId=1_J6mcwcZfxhUpjsOcQ2HORlynWa8IuBMA3uAHdSGbEY
2025-04-17T13:14:00.407Z - SUCCESS: Successfully ran scheduler at 2025-04-17T13:14:00.406Z with schedule "*/1 * * * *" and URL: http://localhost:5001/api/PushLeads
2025-04-17T13:14:00.410Z - SUCCESS: Successfully ran scheduler at 2025-04-17T13:14:00.408Z with this URL: http://localhost:5001/api/PushLeads
2025-04-17T13:14:01.440Z - SUCCESS: Triggering webhook not started becaues of data is not exist in excel  2025-04-17T13:14:01.438Z with this URL: http://localhost:5001/api/getSheetData?spreadsheetId=1_J6mcwcZfxhUpjsOcQ2HORlynWa8IuBMA3uAHdSGbEY
2025-04-17T13:14:01.567Z - SUCCESS: Triggering webhook not started becaues of data is not exist in excel  2025-04-17T13:14:01.561Z with this URL: http://localhost:5001/api/getSheetData?spreadsheetId=1f3Rk4tCszNRsnnClRNI26UB8qPFtTUjAHD0sFglMJf4
2025-04-17T13:15:00.833Z - SUCCESS: Successfully ran scheduler at 2025-04-17T13:15:00.832Z with schedule "*/1 * * * *" and URL: http://localhost:5001/api/PushLeads
2025-04-17T13:15:00.835Z - SUCCESS: Successfully ran scheduler at 2025-04-17T13:15:00.834Z with this URL: http://localhost:5001/api/PushLeads
2025-04-17T13:15:00.932Z - SUCCESS: Triggering webhook not started becaues of data is not exist in excel  2025-04-17T13:15:00.925Z with this URL: http://localhost:5001/api/getSheetData?spreadsheetId=1_J6mcwcZfxhUpjsOcQ2HORlynWa8IuBMA3uAHdSGbEY
2025-04-17T13:15:00.944Z - SUCCESS: Triggering webhook not started becaues of data is not exist in excel  2025-04-17T13:15:00.940Z with this URL: http://localhost:5001/api/getSheetData?spreadsheetId=1f3Rk4tCszNRsnnClRNI26UB8qPFtTUjAHD0sFglMJf4
2025-04-17T13:16:00.339Z - SUCCESS: Successfully ran scheduler at 2025-04-17T13:16:00.338Z with schedule "*/1 * * * *" and URL: http://localhost:5001/api/PushLeads
2025-04-17T13:16:00.343Z - SUCCESS: Successfully ran scheduler at 2025-04-17T13:16:00.340Z with this URL: http://localhost:5001/api/PushLeads
2025-04-17T13:16:01.243Z - SUCCESS: Triggering webhook not started becaues of data is not exist in excel  2025-04-17T13:16:01.241Z with this URL: http://localhost:5001/api/getSheetData?spreadsheetId=1f3Rk4tCszNRsnnClRNI26UB8qPFtTUjAHD0sFglMJf4
2025-04-17T13:16:01.340Z - SUCCESS: Triggering webhook not started becaues of data is not exist in excel  2025-04-17T13:16:01.338Z with this URL: http://localhost:5001/api/getSheetData?spreadsheetId=1_J6mcwcZfxhUpjsOcQ2HORlynWa8IuBMA3uAHdSGbEY
2025-04-17T13:17:00.739Z - SUCCESS: Successfully ran scheduler at 2025-04-17T13:17:00.739Z with schedule "*/1 * * * *" and URL: http://localhost:5001/api/PushLeads
2025-04-17T13:17:00.740Z - SUCCESS: Successfully ran scheduler at 2025-04-17T13:17:00.739Z with this URL: http://localhost:5001/api/PushLeads
2025-04-17T13:17:00.830Z - SUCCESS: Triggering webhook not started becaues of data is not exist in excel  2025-04-17T13:17:00.830Z with this URL: http://localhost:5001/api/getSheetData?spreadsheetId=1_J6mcwcZfxhUpjsOcQ2HORlynWa8IuBMA3uAHdSGbEY
2025-04-17T13:17:00.834Z - SUCCESS: Triggering webhook not started becaues of data is not exist in excel  2025-04-17T13:17:00.834Z with this URL: http://localhost:5001/api/getSheetData?spreadsheetId=1f3Rk4tCszNRsnnClRNI26UB8qPFtTUjAHD0sFglMJf4
2025-04-17T13:18:00.350Z - SUCCESS: Successfully ran scheduler at 2025-04-17T13:18:00.350Z with schedule "*/1 * * * *" and URL: http://localhost:5001/api/PushLeads
2025-04-17T13:18:00.352Z - SUCCESS: Successfully ran scheduler at 2025-04-17T13:18:00.351Z with this URL: http://localhost:5001/api/PushLeads
2025-04-17T13:18:01.354Z - SUCCESS: Triggering webhook not started becaues of data is not exist in excel  2025-04-17T13:18:01.353Z with this URL: http://localhost:5001/api/getSheetData?spreadsheetId=1_J6mcwcZfxhUpjsOcQ2HORlynWa8IuBMA3uAHdSGbEY
2025-04-17T13:18:01.367Z - SUCCESS: Triggering webhook not started becaues of data is not exist in excel  2025-04-17T13:18:01.363Z with this URL: http://localhost:5001/api/getSheetData?spreadsheetId=1f3Rk4tCszNRsnnClRNI26UB8qPFtTUjAHD0sFglMJf4
2025-04-17T13:19:00.770Z - SUCCESS: Successfully ran scheduler at 2025-04-17T13:19:00.769Z with schedule "*/1 * * * *" and URL: http://localhost:5001/api/PushLeads
2025-04-17T13:19:00.779Z - SUCCESS: Successfully ran scheduler at 2025-04-17T13:19:00.771Z with this URL: http://localhost:5001/api/PushLeads
2025-04-17T13:19:00.953Z - SUCCESS: Triggering webhook not started becaues of data is not exist in excel  2025-04-17T13:19:00.951Z with this URL: http://localhost:5001/api/getSheetData?spreadsheetId=1_J6mcwcZfxhUpjsOcQ2HORlynWa8IuBMA3uAHdSGbEY
2025-04-17T13:19:00.958Z - SUCCESS: Triggering webhook not started becaues of data is not exist in excel  2025-04-17T13:19:00.956Z with this URL: http://localhost:5001/api/getSheetData?spreadsheetId=1f3Rk4tCszNRsnnClRNI26UB8qPFtTUjAHD0sFglMJf4
2025-04-17T13:20:00.246Z - SUCCESS: Successfully ran scheduler at 2025-04-17T13:20:00.246Z with schedule "*/1 * * * *" and URL: http://localhost:5001/api/PushLeads
2025-04-17T13:20:00.248Z - SUCCESS: Successfully ran scheduler at 2025-04-17T13:20:00.246Z with this URL: http://localhost:5001/api/PushLeads
2025-04-17T13:20:01.467Z - SUCCESS: Triggering webhook not started becaues of data is not exist in excel  2025-04-17T13:20:01.465Z with this URL: http://localhost:5001/api/getSheetData?spreadsheetId=1_J6mcwcZfxhUpjsOcQ2HORlynWa8IuBMA3uAHdSGbEY
2025-04-17T13:20:01.478Z - SUCCESS: Triggering webhook not started becaues of data is not exist in excel  2025-04-17T13:20:01.476Z with this URL: http://localhost:5001/api/getSheetData?spreadsheetId=1f3Rk4tCszNRsnnClRNI26UB8qPFtTUjAHD0sFglMJf4
2025-04-17T13:21:00.665Z - SUCCESS: Successfully ran scheduler at 2025-04-17T13:21:00.665Z with schedule "*/1 * * * *" and URL: http://localhost:5001/api/PushLeads
2025-04-17T13:21:00.668Z - SUCCESS: Successfully ran scheduler at 2025-04-17T13:21:00.666Z with this URL: http://localhost:5001/api/PushLeads
2025-04-17T13:21:00.862Z - SUCCESS: Triggering webhook not started becaues of data is not exist in excel  2025-04-17T13:21:00.861Z with this URL: http://localhost:5001/api/getSheetData?spreadsheetId=1_J6mcwcZfxhUpjsOcQ2HORlynWa8IuBMA3uAHdSGbEY
2025-04-17T13:21:00.866Z - SUCCESS: Triggering webhook not started becaues of data is not exist in excel  2025-04-17T13:21:00.865Z with this URL: http://localhost:5001/api/getSheetData?spreadsheetId=1f3Rk4tCszNRsnnClRNI26UB8qPFtTUjAHD0sFglMJf4
2025-04-17T13:21:07.910Z - SUCCESS: Lead push scheduler started at 2025-04-17T13:21:07.908Z with schedule "*/1 * * * *" and URL: http://localhost:5001/api/PushLeads
2025-04-17T13:21:07.912Z - SUCCESS: Lead push scheduler started at 2025-04-17T13:21:07.911Z with schedule "*/1 * * * *" and URL: http://localhost:5001/api/getSheetData?spreadsheetId=1f3Rk4tCszNRsnnClRNI26UB8qPFtTUjAHD0sFglMJf4
2025-04-17T13:21:07.914Z - SUCCESS: Lead push scheduler started at 2025-04-17T13:21:07.914Z with schedule "*/1 * * * *" and URL: http://localhost:5001/api/getSheetData?spreadsheetId=1_J6mcwcZfxhUpjsOcQ2HORlynWa8IuBMA3uAHdSGbEY
2025-04-17T13:22:00.470Z - SUCCESS: Successfully ran scheduler at 2025-04-17T13:22:00.468Z with schedule "*/1 * * * *" and URL: http://localhost:5001/api/PushLeads
2025-04-17T13:22:00.472Z - SUCCESS: Successfully ran scheduler at 2025-04-17T13:22:00.471Z with this URL: http://localhost:5001/api/PushLeads
2025-04-17T13:22:01.410Z - SUCCESS: Triggering webhook not started becaues of data is not exist in excel  2025-04-17T13:22:01.401Z with this URL: http://localhost:5001/api/getSheetData?spreadsheetId=1f3Rk4tCszNRsnnClRNI26UB8qPFtTUjAHD0sFglMJf4
2025-04-17T13:22:01.488Z - SUCCESS: Triggering webhook not started becaues of data is not exist in excel  2025-04-17T13:22:01.488Z with this URL: http://localhost:5001/api/getSheetData?spreadsheetId=1_J6mcwcZfxhUpjsOcQ2HORlynWa8IuBMA3uAHdSGbEY
2025-04-17T13:50:15.813Z - SUCCESS: Lead push scheduler started at 2025-04-17T13:50:15.811Z with schedule "*/1 * * * *" and URL: http://localhost:5001/api/PushLeads
2025-04-17T13:50:15.815Z - SUCCESS: Lead push scheduler started at 2025-04-17T13:50:15.814Z with schedule "*/1 * * * *" and URL: http://localhost:5001/api/getSheetData?spreadsheetId=1f3Rk4tCszNRsnnClRNI26UB8qPFtTUjAHD0sFglMJf4
2025-04-17T13:50:15.819Z - SUCCESS: Lead push scheduler started at 2025-04-17T13:50:15.819Z with schedule "*/1 * * * *" and URL: http://localhost:5001/api/getSheetData?spreadsheetId=1_J6mcwcZfxhUpjsOcQ2HORlynWa8IuBMA3uAHdSGbEY
2025-04-17T13:51:00.299Z - SUCCESS: Successfully ran scheduler at 2025-04-17T13:51:00.299Z with schedule "*/1 * * * *" and URL: http://localhost:5001/api/PushLeads
2025-04-17T13:51:00.300Z - SUCCESS: Successfully ran scheduler at 2025-04-17T13:51:00.300Z with this URL: http://localhost:5001/api/PushLeads
2025-04-17T13:51:02.024Z - SUCCESS: Successfully ran scheduler at 2025-04-17T13:51:02.023Z with schedule "*/1 * * * *" and URL: http://localhost:5001/api/getSheetData?spreadsheetId=1f3Rk4tCszNRsnnClRNI26UB8qPFtTUjAHD0sFglMJf4
2025-04-17T13:51:02.027Z - SUCCESS: Successfully ran scheduler at 2025-04-17T13:51:02.026Z with this URL: http://localhost:5001/api/getSheetData?spreadsheetId=1f3Rk4tCszNRsnnClRNI26UB8qPFtTUjAHD0sFglMJf4
2025-04-17T13:51:02.315Z - SUCCESS: Successfully ran scheduler at 2025-04-17T13:51:02.314Z with schedule "*/1 * * * *" and URL: http://localhost:5001/api/getSheetData?spreadsheetId=1_J6mcwcZfxhUpjsOcQ2HORlynWa8IuBMA3uAHdSGbEY
2025-04-17T13:51:02.318Z - SUCCESS: Successfully ran scheduler at 2025-04-17T13:51:02.317Z with this URL: http://localhost:5001/api/getSheetData?spreadsheetId=1_J6mcwcZfxhUpjsOcQ2HORlynWa8IuBMA3uAHdSGbEY
2025-04-17T13:52:01.111Z - SUCCESS: Successfully ran scheduler at 2025-04-17T13:52:01.109Z with schedule "*/1 * * * *" and URL: http://localhost:5001/api/PushLeads
2025-04-17T13:52:01.116Z - SUCCESS: Successfully ran scheduler at 2025-04-17T13:52:01.113Z with this URL: http://localhost:5001/api/PushLeads
2025-04-17T13:52:01.319Z - SUCCESS: Triggering webhook not started becaues of data is not exist in excel  2025-04-17T13:52:01.309Z with this URL: http://localhost:5001/api/getSheetData?spreadsheetId=1f3Rk4tCszNRsnnClRNI26UB8qPFtTUjAHD0sFglMJf4
2025-04-17T13:52:01.331Z - SUCCESS: Triggering webhook not started becaues of data is not exist in excel  2025-04-17T13:52:01.329Z with this URL: http://localhost:5001/api/getSheetData?spreadsheetId=1_J6mcwcZfxhUpjsOcQ2HORlynWa8IuBMA3uAHdSGbEY
2025-04-17T13:53:00.205Z - SUCCESS: Successfully ran scheduler at 2025-04-17T13:53:00.204Z with schedule "*/1 * * * *" and URL: http://localhost:5001/api/PushLeads
2025-04-17T13:53:00.207Z - SUCCESS: Successfully ran scheduler at 2025-04-17T13:53:00.206Z with this URL: http://localhost:5001/api/PushLeads
2025-04-17T13:53:00.803Z - SUCCESS: Triggering webhook not started becaues of data is not exist in excel  2025-04-17T13:53:00.802Z with this URL: http://localhost:5001/api/getSheetData?spreadsheetId=1_J6mcwcZfxhUpjsOcQ2HORlynWa8IuBMA3uAHdSGbEY
2025-04-17T13:53:00.838Z - SUCCESS: Triggering webhook not started becaues of data is not exist in excel  2025-04-17T13:53:00.820Z with this URL: http://localhost:5001/api/getSheetData?spreadsheetId=1f3Rk4tCszNRsnnClRNI26UB8qPFtTUjAHD0sFglMJf4
2025-04-17T13:54:00.639Z - SUCCESS: Successfully ran scheduler at 2025-04-17T13:54:00.639Z with schedule "*/1 * * * *" and URL: http://localhost:5001/api/PushLeads
2025-04-17T13:54:00.644Z - SUCCESS: Successfully ran scheduler at 2025-04-17T13:54:00.641Z with this URL: http://localhost:5001/api/PushLeads
2025-04-17T13:54:01.331Z - SUCCESS: Triggering webhook not started becaues of data is not exist in excel  2025-04-17T13:54:01.320Z with this URL: http://localhost:5001/api/getSheetData?spreadsheetId=1_J6mcwcZfxhUpjsOcQ2HORlynWa8IuBMA3uAHdSGbEY
2025-04-17T13:54:01.357Z - SUCCESS: Triggering webhook not started becaues of data is not exist in excel  2025-04-17T13:54:01.352Z with this URL: http://localhost:5001/api/getSheetData?spreadsheetId=1f3Rk4tCszNRsnnClRNI26UB8qPFtTUjAHD0sFglMJf4
2025-04-17T13:55:00.840Z - SUCCESS: Successfully ran scheduler at 2025-04-17T13:55:00.836Z with schedule "*/1 * * * *" and URL: http://localhost:5001/api/PushLeads
2025-04-17T13:55:01.201Z - SUCCESS: Successfully ran scheduler at 2025-04-17T13:55:00.841Z with this URL: http://localhost:5001/api/PushLeads
2025-04-17T13:55:01.659Z - SUCCESS: Triggering webhook not started becaues of data is not exist in excel  2025-04-17T13:55:01.657Z with this URL: http://localhost:5001/api/getSheetData?spreadsheetId=1_J6mcwcZfxhUpjsOcQ2HORlynWa8IuBMA3uAHdSGbEY
2025-04-17T13:55:01.768Z - SUCCESS: Triggering webhook not started becaues of data is not exist in excel  2025-04-17T13:55:01.749Z with this URL: http://localhost:5001/api/getSheetData?spreadsheetId=1f3Rk4tCszNRsnnClRNI26UB8qPFtTUjAHD0sFglMJf4
2025-04-17T13:56:00.738Z - SUCCESS: Successfully ran scheduler at 2025-04-17T13:56:00.738Z with schedule "*/1 * * * *" and URL: http://localhost:5001/api/PushLeads
2025-04-17T13:56:00.740Z - SUCCESS: Successfully ran scheduler at 2025-04-17T13:56:00.739Z with this URL: http://localhost:5001/api/PushLeads
2025-04-17T13:56:01.337Z - SUCCESS: Triggering webhook not started becaues of data is not exist in excel  2025-04-17T13:56:01.333Z with this URL: http://localhost:5001/api/getSheetData?spreadsheetId=1_J6mcwcZfxhUpjsOcQ2HORlynWa8IuBMA3uAHdSGbEY
2025-04-17T13:56:01.344Z - SUCCESS: Triggering webhook not started becaues of data is not exist in excel  2025-04-17T13:56:01.343Z with this URL: http://localhost:5001/api/getSheetData?spreadsheetId=1f3Rk4tCszNRsnnClRNI26UB8qPFtTUjAHD0sFglMJf4
2025-04-17T13:57:00.216Z - SUCCESS: Successfully ran scheduler at 2025-04-17T13:57:00.215Z with schedule "*/1 * * * *" and URL: http://localhost:5001/api/PushLeads
2025-04-17T13:57:00.220Z - SUCCESS: Successfully ran scheduler at 2025-04-17T13:57:00.217Z with this URL: http://localhost:5001/api/PushLeads
2025-04-17T13:57:00.932Z - SUCCESS: Triggering webhook not started becaues of data is not exist in excel  2025-04-17T13:57:00.931Z with this URL: http://localhost:5001/api/getSheetData?spreadsheetId=1_J6mcwcZfxhUpjsOcQ2HORlynWa8IuBMA3uAHdSGbEY
2025-04-17T13:57:01.158Z - SUCCESS: Triggering webhook not started becaues of data is not exist in excel  2025-04-17T13:57:01.157Z with this URL: http://localhost:5001/api/getSheetData?spreadsheetId=1f3Rk4tCszNRsnnClRNI26UB8qPFtTUjAHD0sFglMJf4
2025-04-17T13:58:00.753Z - SUCCESS: Successfully ran scheduler at 2025-04-17T13:58:00.752Z with schedule "*/1 * * * *" and URL: http://localhost:5001/api/PushLeads
2025-04-17T13:58:00.755Z - SUCCESS: Successfully ran scheduler at 2025-04-17T13:58:00.754Z with this URL: http://localhost:5001/api/PushLeads
2025-04-17T13:58:01.346Z - SUCCESS: Triggering webhook not started becaues of data is not exist in excel  2025-04-17T13:58:01.344Z with this URL: http://localhost:5001/api/getSheetData?spreadsheetId=1_J6mcwcZfxhUpjsOcQ2HORlynWa8IuBMA3uAHdSGbEY
2025-04-17T13:58:01.351Z - SUCCESS: Triggering webhook not started becaues of data is not exist in excel  2025-04-17T13:58:01.350Z with this URL: http://localhost:5001/api/getSheetData?spreadsheetId=1f3Rk4tCszNRsnnClRNI26UB8qPFtTUjAHD0sFglMJf4
2025-04-17T13:59:00.230Z - SUCCESS: Successfully ran scheduler at 2025-04-17T13:59:00.226Z with schedule "*/1 * * * *" and URL: http://localhost:5001/api/PushLeads
2025-04-17T13:59:00.234Z - SUCCESS: Successfully ran scheduler at 2025-04-17T13:59:00.232Z with this URL: http://localhost:5001/api/PushLeads
2025-04-17T13:59:00.740Z - SUCCESS: Triggering webhook not started becaues of data is not exist in excel  2025-04-17T13:59:00.739Z with this URL: http://localhost:5001/api/getSheetData?spreadsheetId=1_J6mcwcZfxhUpjsOcQ2HORlynWa8IuBMA3uAHdSGbEY
2025-04-17T13:59:00.748Z - SUCCESS: Triggering webhook not started becaues of data is not exist in excel  2025-04-17T13:59:00.747Z with this URL: http://localhost:5001/api/getSheetData?spreadsheetId=1f3Rk4tCszNRsnnClRNI26UB8qPFtTUjAHD0sFglMJf4
2025-04-17T13:59:21.668Z - SUCCESS: Lead push scheduler started at 2025-04-17T13:59:21.664Z with schedule "*/1 * * * *" and URL: http://localhost:5001/api/PushLeads
2025-04-17T13:59:21.669Z - SUCCESS: Lead push scheduler started at 2025-04-17T13:59:21.668Z with schedule "*/1 * * * *" and URL: http://localhost:5001/api/getSheetData?spreadsheetId=1f3Rk4tCszNRsnnClRNI26UB8qPFtTUjAHD0sFglMJf4
2025-04-17T13:59:21.672Z - SUCCESS: Lead push scheduler started at 2025-04-17T13:59:21.671Z with schedule "*/1 * * * *" and URL: http://localhost:5001/api/getSheetData?spreadsheetId=1_J6mcwcZfxhUpjsOcQ2HORlynWa8IuBMA3uAHdSGbEY
2025-04-17T14:00:01.301Z - SUCCESS: Successfully ran scheduler at 2025-04-17T14:00:01.261Z with schedule "*/1 * * * *" and URL: http://localhost:5001/api/PushLeads
2025-04-17T14:00:01.331Z - SUCCESS: Successfully ran scheduler at 2025-04-17T14:00:01.301Z with this URL: http://localhost:5001/api/PushLeads
2025-04-17T14:00:02.201Z - SUCCESS: Triggering webhook not started becaues of data is not exist in excel  2025-04-17T14:00:02.200Z with this URL: http://localhost:5001/api/getSheetData?spreadsheetId=1f3Rk4tCszNRsnnClRNI26UB8qPFtTUjAHD0sFglMJf4
2025-04-17T14:00:02.217Z - SUCCESS: Triggering webhook not started becaues of data is not exist in excel  2025-04-17T14:00:02.216Z with this URL: http://localhost:5001/api/getSheetData?spreadsheetId=1_J6mcwcZfxhUpjsOcQ2HORlynWa8IuBMA3uAHdSGbEY
2025-04-17T14:00:38.484Z - SUCCESS: Lead push scheduler started at 2025-04-17T14:00:38.481Z with schedule "*/1 * * * *" and URL: http://localhost:5001/api/PushLeads
2025-04-17T14:00:38.485Z - SUCCESS: Lead push scheduler started at 2025-04-17T14:00:38.484Z with schedule "*/1 * * * *" and URL: http://localhost:5001/api/getSheetData?spreadsheetId=1f3Rk4tCszNRsnnClRNI26UB8qPFtTUjAHD0sFglMJf4
2025-04-17T14:00:38.508Z - SUCCESS: Lead push scheduler started at 2025-04-17T14:00:38.505Z with schedule "*/1 * * * *" and URL: http://localhost:5001/api/getSheetData?spreadsheetId=1_J6mcwcZfxhUpjsOcQ2HORlynWa8IuBMA3uAHdSGbEY
2025-04-17T14:01:00.970Z - SUCCESS: Successfully ran scheduler at 2025-04-17T14:01:00.966Z with schedule "*/1 * * * *" and URL: http://localhost:5001/api/PushLeads
2025-04-17T14:01:00.974Z - SUCCESS: Successfully ran scheduler at 2025-04-17T14:01:00.972Z with this URL: http://localhost:5001/api/PushLeads
2025-04-17T14:01:01.989Z - SUCCESS: Triggering webhook not started becaues of data is not exist in excel  2025-04-17T14:01:01.988Z with this URL: http://localhost:5001/api/getSheetData?spreadsheetId=1f3Rk4tCszNRsnnClRNI26UB8qPFtTUjAHD0sFglMJf4
2025-04-17T14:01:01.999Z - SUCCESS: Triggering webhook not started becaues of data is not exist in excel  2025-04-17T14:01:01.998Z with this URL: http://localhost:5001/api/getSheetData?spreadsheetId=1_J6mcwcZfxhUpjsOcQ2HORlynWa8IuBMA3uAHdSGbEY
2025-04-17T14:04:13.180Z - SUCCESS: Lead push scheduler started at 2025-04-17T14:04:13.178Z with schedule "*/1 * * * *" and URL: http://localhost:5001/api/PushLeads
2025-04-17T14:04:13.181Z - SUCCESS: Lead push scheduler started at 2025-04-17T14:04:13.180Z with schedule "*/1 * * * *" and URL: http://localhost:5001/api/getSheetData?spreadsheetId=1f3Rk4tCszNRsnnClRNI26UB8qPFtTUjAHD0sFglMJf4
2025-04-17T14:04:13.183Z - SUCCESS: Lead push scheduler started at 2025-04-17T14:04:13.183Z with schedule "*/1 * * * *" and URL: http://localhost:5001/api/getSheetData?spreadsheetId=1_J6mcwcZfxhUpjsOcQ2HORlynWa8IuBMA3uAHdSGbEY
2025-04-17T14:05:00.882Z - SUCCESS: Successfully ran scheduler at 2025-04-17T14:05:00.881Z with schedule "*/1 * * * *" and URL: http://localhost:5001/api/PushLeads
2025-04-17T14:05:00.885Z - SUCCESS: Successfully ran scheduler at 2025-04-17T14:05:00.883Z with this URL: http://localhost:5001/api/PushLeads
2025-04-17T14:05:02.210Z - SUCCESS: Triggering webhook not started becaues of data is not exist in excel  2025-04-17T14:05:02.209Z with this URL: http://localhost:5001/api/getSheetData?spreadsheetId=1_J6mcwcZfxhUpjsOcQ2HORlynWa8IuBMA3uAHdSGbEY
2025-04-17T14:05:02.228Z - SUCCESS: Triggering webhook not started becaues of data is not exist in excel  2025-04-17T14:05:02.225Z with this URL: http://localhost:5001/api/getSheetData?spreadsheetId=1f3Rk4tCszNRsnnClRNI26UB8qPFtTUjAHD0sFglMJf4
2025-04-17T14:06:01.191Z - SUCCESS: Successfully ran scheduler at 2025-04-17T14:06:01.190Z with schedule "*/1 * * * *" and URL: http://localhost:5001/api/PushLeads
2025-04-17T14:06:01.194Z - SUCCESS: Successfully ran scheduler at 2025-04-17T14:06:01.193Z with this URL: http://localhost:5001/api/PushLeads
2025-04-17T14:06:01.712Z - SUCCESS: Triggering webhook not started becaues of data is not exist in excel  2025-04-17T14:06:01.712Z with this URL: http://localhost:5001/api/getSheetData?spreadsheetId=1_J6mcwcZfxhUpjsOcQ2HORlynWa8IuBMA3uAHdSGbEY
2025-04-17T14:06:01.722Z - SUCCESS: Triggering webhook not started becaues of data is not exist in excel  2025-04-17T14:06:01.721Z with this URL: http://localhost:5001/api/getSheetData?spreadsheetId=1f3Rk4tCszNRsnnClRNI26UB8qPFtTUjAHD0sFglMJf4
2025-04-17T14:07:00.601Z - SUCCESS: Successfully ran scheduler at 2025-04-17T14:07:00.600Z with schedule "*/1 * * * *" and URL: http://localhost:5001/api/PushLeads
2025-04-17T14:07:00.603Z - SUCCESS: Successfully ran scheduler at 2025-04-17T14:07:00.602Z with this URL: http://localhost:5001/api/PushLeads
2025-04-17T14:07:01.207Z - SUCCESS: Triggering webhook not started becaues of data is not exist in excel  2025-04-17T14:07:01.205Z with this URL: http://localhost:5001/api/getSheetData?spreadsheetId=1f3Rk4tCszNRsnnClRNI26UB8qPFtTUjAHD0sFglMJf4
2025-04-17T14:07:01.222Z - SUCCESS: Triggering webhook not started becaues of data is not exist in excel  2025-04-17T14:07:01.221Z with this URL: http://localhost:5001/api/getSheetData?spreadsheetId=1_J6mcwcZfxhUpjsOcQ2HORlynWa8IuBMA3uAHdSGbEY
2025-04-17T14:08:00.926Z - SUCCESS: Successfully ran scheduler at 2025-04-17T14:08:00.925Z with schedule "*/1 * * * *" and URL: http://localhost:5001/api/PushLeads
2025-04-17T14:08:00.930Z - SUCCESS: Successfully ran scheduler at 2025-04-17T14:08:00.927Z with this URL: http://localhost:5001/api/PushLeads
2025-04-17T14:08:01.619Z - SUCCESS: Triggering webhook not started becaues of data is not exist in excel  2025-04-17T14:08:01.618Z with this URL: http://localhost:5001/api/getSheetData?spreadsheetId=1f3Rk4tCszNRsnnClRNI26UB8qPFtTUjAHD0sFglMJf4
2025-04-17T14:08:01.633Z - SUCCESS: Triggering webhook not started becaues of data is not exist in excel  2025-04-17T14:08:01.632Z with this URL: http://localhost:5001/api/getSheetData?spreadsheetId=1_J6mcwcZfxhUpjsOcQ2HORlynWa8IuBMA3uAHdSGbEY
2025-04-17T14:09:00.318Z - SUCCESS: Successfully ran scheduler at 2025-04-17T14:09:00.317Z with schedule "*/1 * * * *" and URL: http://localhost:5001/api/PushLeads
2025-04-17T14:09:00.358Z - SUCCESS: Successfully ran scheduler at 2025-04-17T14:09:00.320Z with this URL: http://localhost:5001/api/PushLeads
2025-04-17T14:09:01.111Z - SUCCESS: Triggering webhook not started becaues of data is not exist in excel  2025-04-17T14:09:01.110Z with this URL: http://localhost:5001/api/getSheetData?spreadsheetId=1f3Rk4tCszNRsnnClRNI26UB8qPFtTUjAHD0sFglMJf4
2025-04-17T14:09:01.121Z - SUCCESS: Triggering webhook not started becaues of data is not exist in excel  2025-04-17T14:09:01.120Z with this URL: http://localhost:5001/api/getSheetData?spreadsheetId=1_J6mcwcZfxhUpjsOcQ2HORlynWa8IuBMA3uAHdSGbEY
2025-04-17T14:10:00.841Z - SUCCESS: Successfully ran scheduler at 2025-04-17T14:10:00.841Z with schedule "*/1 * * * *" and URL: http://localhost:5001/api/PushLeads
2025-04-17T14:10:00.844Z - SUCCESS: Successfully ran scheduler at 2025-04-17T14:10:00.842Z with this URL: http://localhost:5001/api/PushLeads
2025-04-17T14:10:01.526Z - SUCCESS: Triggering webhook not started becaues of data is not exist in excel  2025-04-17T14:10:01.525Z with this URL: http://localhost:5001/api/getSheetData?spreadsheetId=1f3Rk4tCszNRsnnClRNI26UB8qPFtTUjAHD0sFglMJf4
2025-04-17T14:10:01.536Z - SUCCESS: Triggering webhook not started becaues of data is not exist in excel  2025-04-17T14:10:01.535Z with this URL: http://localhost:5001/api/getSheetData?spreadsheetId=1_J6mcwcZfxhUpjsOcQ2HORlynWa8IuBMA3uAHdSGbEY
2025-04-17T14:11:00.406Z - SUCCESS: Successfully ran scheduler at 2025-04-17T14:11:00.405Z with schedule "*/1 * * * *" and URL: http://localhost:5001/api/PushLeads
2025-04-17T14:11:00.409Z - SUCCESS: Successfully ran scheduler at 2025-04-17T14:11:00.407Z with this URL: http://localhost:5001/api/PushLeads
2025-04-17T14:11:01.023Z - SUCCESS: Triggering webhook not started becaues of data is not exist in excel  2025-04-17T14:11:01.022Z with this URL: http://localhost:5001/api/getSheetData?spreadsheetId=1f3Rk4tCszNRsnnClRNI26UB8qPFtTUjAHD0sFglMJf4
2025-04-17T14:11:01.121Z - SUCCESS: Triggering webhook not started becaues of data is not exist in excel  2025-04-17T14:11:01.120Z with this URL: http://localhost:5001/api/getSheetData?spreadsheetId=1_J6mcwcZfxhUpjsOcQ2HORlynWa8IuBMA3uAHdSGbEY
2025-04-17T14:12:00.825Z - SUCCESS: Successfully ran scheduler at 2025-04-17T14:12:00.824Z with schedule "*/1 * * * *" and URL: http://localhost:5001/api/PushLeads
2025-04-17T14:12:00.831Z - SUCCESS: Successfully ran scheduler at 2025-04-17T14:12:00.826Z with this URL: http://localhost:5001/api/PushLeads
2025-04-17T14:12:01.452Z - SUCCESS: Triggering webhook not started becaues of data is not exist in excel  2025-04-17T14:12:01.451Z with this URL: http://localhost:5001/api/getSheetData?spreadsheetId=1_J6mcwcZfxhUpjsOcQ2HORlynWa8IuBMA3uAHdSGbEY
2025-04-17T14:12:01.473Z - SUCCESS: Triggering webhook not started becaues of data is not exist in excel  2025-04-17T14:12:01.472Z with this URL: http://localhost:5001/api/getSheetData?spreadsheetId=1f3Rk4tCszNRsnnClRNI26UB8qPFtTUjAHD0sFglMJf4
2025-04-17T14:13:00.138Z - SUCCESS: Successfully ran scheduler at 2025-04-17T14:13:00.138Z with schedule "*/1 * * * *" and URL: http://localhost:5001/api/PushLeads
2025-04-17T14:13:00.140Z - SUCCESS: Successfully ran scheduler at 2025-04-17T14:13:00.139Z with this URL: http://localhost:5001/api/PushLeads
2025-04-17T14:13:00.829Z - SUCCESS: Triggering webhook not started becaues of data is not exist in excel  2025-04-17T14:13:00.828Z with this URL: http://localhost:5001/api/getSheetData?spreadsheetId=1f3Rk4tCszNRsnnClRNI26UB8qPFtTUjAHD0sFglMJf4
2025-04-17T14:13:00.932Z - SUCCESS: Triggering webhook not started becaues of data is not exist in excel  2025-04-17T14:13:00.931Z with this URL: http://localhost:5001/api/getSheetData?spreadsheetId=1_J6mcwcZfxhUpjsOcQ2HORlynWa8IuBMA3uAHdSGbEY
2025-04-17T14:14:00.647Z - SUCCESS: Successfully ran scheduler at 2025-04-17T14:14:00.646Z with schedule "*/1 * * * *" and URL: http://localhost:5001/api/PushLeads
2025-04-17T14:14:00.649Z - SUCCESS: Successfully ran scheduler at 2025-04-17T14:14:00.648Z with this URL: http://localhost:5001/api/PushLeads
2025-04-17T14:14:01.256Z - SUCCESS: Triggering webhook not started becaues of data is not exist in excel  2025-04-17T14:14:01.255Z with this URL: http://localhost:5001/api/getSheetData?spreadsheetId=1f3Rk4tCszNRsnnClRNI26UB8qPFtTUjAHD0sFglMJf4
2025-04-17T14:14:01.366Z - SUCCESS: Triggering webhook not started becaues of data is not exist in excel  2025-04-17T14:14:01.365Z with this URL: http://localhost:5001/api/getSheetData?spreadsheetId=1_J6mcwcZfxhUpjsOcQ2HORlynWa8IuBMA3uAHdSGbEY
2025-04-17T14:15:00.743Z - SUCCESS: Triggering webhook not started becaues of data is not exist in excel  2025-04-17T14:15:00.742Z with this URL: http://localhost:5001/api/getSheetData?spreadsheetId=1f3Rk4tCszNRsnnClRNI26UB8qPFtTUjAHD0sFglMJf4
2025-04-17T14:15:00.847Z - SUCCESS: Triggering webhook not started becaues of data is not exist in excel  2025-04-17T14:15:00.846Z with this URL: http://localhost:5001/api/getSheetData?spreadsheetId=1_J6mcwcZfxhUpjsOcQ2HORlynWa8IuBMA3uAHdSGbEY
2025-04-17T14:15:00.972Z - SUCCESS: Successfully ran scheduler at 2025-04-17T14:15:00.971Z with schedule "*/1 * * * *" and URL: http://localhost:5001/api/PushLeads
2025-04-17T14:15:00.978Z - SUCCESS: Successfully ran scheduler at 2025-04-17T14:15:00.974Z with this URL: http://localhost:5001/api/PushLeads
2025-04-17T14:16:00.469Z - SUCCESS: Successfully ran scheduler at 2025-04-17T14:16:00.468Z with schedule "*/1 * * * *" and URL: http://localhost:5001/api/PushLeads
2025-04-17T14:16:00.472Z - SUCCESS: Successfully ran scheduler at 2025-04-17T14:16:00.470Z with this URL: http://localhost:5001/api/PushLeads
2025-04-17T14:16:01.261Z - SUCCESS: Triggering webhook not started becaues of data is not exist in excel  2025-04-17T14:16:01.260Z with this URL: http://localhost:5001/api/getSheetData?spreadsheetId=1f3Rk4tCszNRsnnClRNI26UB8qPFtTUjAHD0sFglMJf4
2025-04-17T14:16:01.468Z - SUCCESS: Triggering webhook not started becaues of data is not exist in excel  2025-04-17T14:16:01.467Z with this URL: http://localhost:5001/api/getSheetData?spreadsheetId=1_J6mcwcZfxhUpjsOcQ2HORlynWa8IuBMA3uAHdSGbEY
2025-04-17T14:17:00.656Z - SUCCESS: Triggering webhook not started becaues of data is not exist in excel  2025-04-17T14:17:00.655Z with this URL: http://localhost:5001/api/getSheetData?spreadsheetId=1_J6mcwcZfxhUpjsOcQ2HORlynWa8IuBMA3uAHdSGbEY
2025-04-17T14:17:00.975Z - SUCCESS: Successfully ran scheduler at 2025-04-17T14:17:00.974Z with schedule "*/1 * * * *" and URL: http://localhost:5001/api/PushLeads
2025-04-17T14:17:00.979Z - SUCCESS: Successfully ran scheduler at 2025-04-17T14:17:00.977Z with this URL: http://localhost:5001/api/PushLeads
2025-04-17T14:17:01.472Z - SUCCESS: Triggering webhook not started becaues of data is not exist in excel  2025-04-17T14:17:01.471Z with this URL: http://localhost:5001/api/getSheetData?spreadsheetId=1f3Rk4tCszNRsnnClRNI26UB8qPFtTUjAHD0sFglMJf4
2025-04-17T14:18:00.384Z - SUCCESS: Successfully ran scheduler at 2025-04-17T14:18:00.383Z with schedule "*/1 * * * *" and URL: http://localhost:5001/api/PushLeads
2025-04-17T14:18:00.387Z - SUCCESS: Successfully ran scheduler at 2025-04-17T14:18:00.386Z with this URL: http://localhost:5001/api/PushLeads
2025-04-17T14:18:01.100Z - SUCCESS: Triggering webhook not started becaues of data is not exist in excel  2025-04-17T14:18:01.099Z with this URL: http://localhost:5001/api/getSheetData?spreadsheetId=1f3Rk4tCszNRsnnClRNI26UB8qPFtTUjAHD0sFglMJf4
2025-04-17T14:18:01.172Z - SUCCESS: Triggering webhook not started becaues of data is not exist in excel  2025-04-17T14:18:01.171Z with this URL: http://localhost:5001/api/getSheetData?spreadsheetId=1_J6mcwcZfxhUpjsOcQ2HORlynWa8IuBMA3uAHdSGbEY
2025-04-17T14:19:00.795Z - SUCCESS: Successfully ran scheduler at 2025-04-17T14:19:00.793Z with schedule "*/1 * * * *" and URL: http://localhost:5001/api/PushLeads
2025-04-17T14:19:00.797Z - SUCCESS: Successfully ran scheduler at 2025-04-17T14:19:00.795Z with this URL: http://localhost:5001/api/PushLeads
2025-04-17T14:19:01.413Z - SUCCESS: Triggering webhook not started becaues of data is not exist in excel  2025-04-17T14:19:01.408Z with this URL: http://localhost:5001/api/getSheetData?spreadsheetId=1f3Rk4tCszNRsnnClRNI26UB8qPFtTUjAHD0sFglMJf4
2025-04-17T14:19:01.589Z - SUCCESS: Triggering webhook not started becaues of data is not exist in excel  2025-04-17T14:19:01.588Z with this URL: http://localhost:5001/api/getSheetData?spreadsheetId=1_J6mcwcZfxhUpjsOcQ2HORlynWa8IuBMA3uAHdSGbEY
2025-04-17T14:20:00.481Z - SUCCESS: Successfully ran scheduler at 2025-04-17T14:20:00.479Z with schedule "*/1 * * * *" and URL: http://localhost:5001/api/PushLeads
2025-04-17T14:20:00.485Z - SUCCESS: Successfully ran scheduler at 2025-04-17T14:20:00.483Z with this URL: http://localhost:5001/api/PushLeads
2025-04-17T14:20:01.199Z - SUCCESS: Triggering webhook not started becaues of data is not exist in excel  2025-04-17T14:20:01.194Z with this URL: http://localhost:5001/api/getSheetData?spreadsheetId=1_J6mcwcZfxhUpjsOcQ2HORlynWa8IuBMA3uAHdSGbEY
2025-04-17T14:20:01.204Z - SUCCESS: Triggering webhook not started becaues of data is not exist in excel  2025-04-17T14:20:01.204Z with this URL: http://localhost:5001/api/getSheetData?spreadsheetId=1f3Rk4tCszNRsnnClRNI26UB8qPFtTUjAHD0sFglMJf4
2025-04-17T14:21:00.810Z - SUCCESS: Successfully ran scheduler at 2025-04-17T14:21:00.809Z with schedule "*/1 * * * *" and URL: http://localhost:5001/api/PushLeads
2025-04-17T14:21:00.812Z - SUCCESS: Successfully ran scheduler at 2025-04-17T14:21:00.811Z with this URL: http://localhost:5001/api/PushLeads
2025-04-17T14:21:01.601Z - SUCCESS: Triggering webhook not started becaues of data is not exist in excel  2025-04-17T14:21:01.601Z with this URL: http://localhost:5001/api/getSheetData?spreadsheetId=1f3Rk4tCszNRsnnClRNI26UB8qPFtTUjAHD0sFglMJf4
2025-04-17T14:21:01.717Z - SUCCESS: Triggering webhook not started becaues of data is not exist in excel  2025-04-17T14:21:01.716Z with this URL: http://localhost:5001/api/getSheetData?spreadsheetId=1_J6mcwcZfxhUpjsOcQ2HORlynWa8IuBMA3uAHdSGbEY
2025-04-17T14:22:00.305Z - SUCCESS: Successfully ran scheduler at 2025-04-17T14:22:00.304Z with schedule "*/1 * * * *" and URL: http://localhost:5001/api/PushLeads
2025-04-17T14:22:00.308Z - SUCCESS: Successfully ran scheduler at 2025-04-17T14:22:00.306Z with this URL: http://localhost:5001/api/PushLeads
2025-04-17T14:22:00.892Z - SUCCESS: Triggering webhook not started becaues of data is not exist in excel  2025-04-17T14:22:00.891Z with this URL: http://localhost:5001/api/getSheetData?spreadsheetId=1f3Rk4tCszNRsnnClRNI26UB8qPFtTUjAHD0sFglMJf4
2025-04-17T14:22:01.027Z - SUCCESS: Triggering webhook not started becaues of data is not exist in excel  2025-04-17T14:22:01.026Z with this URL: http://localhost:5001/api/getSheetData?spreadsheetId=1_J6mcwcZfxhUpjsOcQ2HORlynWa8IuBMA3uAHdSGbEY
2025-04-17T14:23:00.632Z - SUCCESS: Successfully ran scheduler at 2025-04-17T14:23:00.631Z with schedule "*/1 * * * *" and URL: http://localhost:5001/api/PushLeads
2025-04-17T14:23:00.635Z - SUCCESS: Successfully ran scheduler at 2025-04-17T14:23:00.633Z with this URL: http://localhost:5001/api/PushLeads
2025-04-17T14:23:01.412Z - SUCCESS: Triggering webhook not started becaues of data is not exist in excel  2025-04-17T14:23:01.410Z with this URL: http://localhost:5001/api/getSheetData?spreadsheetId=1_J6mcwcZfxhUpjsOcQ2HORlynWa8IuBMA3uAHdSGbEY
2025-04-17T14:23:01.420Z - SUCCESS: Triggering webhook not started becaues of data is not exist in excel  2025-04-17T14:23:01.417Z with this URL: http://localhost:5001/api/getSheetData?spreadsheetId=1f3Rk4tCszNRsnnClRNI26UB8qPFtTUjAHD0sFglMJf4
2025-04-17T14:24:00.701Z - SUCCESS: Triggering webhook not started becaues of data is not exist in excel  2025-04-17T14:24:00.700Z with this URL: http://localhost:5001/api/getSheetData?spreadsheetId=1_J6mcwcZfxhUpjsOcQ2HORlynWa8IuBMA3uAHdSGbEY
2025-04-17T14:24:01.024Z - SUCCESS: Successfully ran scheduler at 2025-04-17T14:24:01.024Z with schedule "*/1 * * * *" and URL: http://localhost:5001/api/PushLeads
2025-04-17T14:24:01.026Z - SUCCESS: Successfully ran scheduler at 2025-04-17T14:24:01.025Z with this URL: http://localhost:5001/api/PushLeads
2025-04-17T14:24:01.420Z - SUCCESS: Triggering webhook not started becaues of data is not exist in excel  2025-04-17T14:24:01.419Z with this URL: http://localhost:5001/api/getSheetData?spreadsheetId=1f3Rk4tCszNRsnnClRNI26UB8qPFtTUjAHD0sFglMJf4
2025-04-17T14:25:00.503Z - SUCCESS: Successfully ran scheduler at 2025-04-17T14:25:00.502Z with schedule "*/1 * * * *" and URL: http://localhost:5001/api/PushLeads
2025-04-17T14:25:00.506Z - SUCCESS: Successfully ran scheduler at 2025-04-17T14:25:00.504Z with this URL: http://localhost:5001/api/PushLeads
2025-04-17T14:25:01.016Z - SUCCESS: Triggering webhook not started becaues of data is not exist in excel  2025-04-17T14:25:01.015Z with this URL: http://localhost:5001/api/getSheetData?spreadsheetId=1f3Rk4tCszNRsnnClRNI26UB8qPFtTUjAHD0sFglMJf4
2025-04-17T14:25:01.118Z - SUCCESS: Triggering webhook not started becaues of data is not exist in excel  2025-04-17T14:25:01.118Z with this URL: http://localhost:5001/api/getSheetData?spreadsheetId=1_J6mcwcZfxhUpjsOcQ2HORlynWa8IuBMA3uAHdSGbEY
2025-04-17T14:26:00.947Z - SUCCESS: Successfully ran scheduler at 2025-04-17T14:26:00.947Z with schedule "*/1 * * * *" and URL: http://localhost:5001/api/PushLeads
2025-04-17T14:26:00.950Z - SUCCESS: Successfully ran scheduler at 2025-04-17T14:26:00.948Z with this URL: http://localhost:5001/api/PushLeads
2025-04-17T14:26:01.637Z - SUCCESS: Triggering webhook not started becaues of data is not exist in excel  2025-04-17T14:26:01.636Z with this URL: http://localhost:5001/api/getSheetData?spreadsheetId=1f3Rk4tCszNRsnnClRNI26UB8qPFtTUjAHD0sFglMJf4
2025-04-17T14:26:01.844Z - SUCCESS: Triggering webhook not started becaues of data is not exist in excel  2025-04-17T14:26:01.843Z with this URL: http://localhost:5001/api/getSheetData?spreadsheetId=1_J6mcwcZfxhUpjsOcQ2HORlynWa8IuBMA3uAHdSGbEY
